customer_id,fist_name,middle_name,last_name_1,last_name_2,date_of_birth
980441978,Santiago,,Hernández,Gómez,1944-06-07
391904739,Paula,Felipe,Rodríguez,López,2002-02-05
922225805,Sara,,Torres,Gómez,1944-11-08
769124422,Paula,Sara,López,Ramírez,1994-01-24
111676250,Natalia,,Pérez,Ramírez,1951-01-16
96566163,Andrés,,Pérez,Torres,1965-01-22
587325980,Juan,Felipe,Pérez,,2005-11-12
305618254,Camilo,,García,Pérez,1958-11-03
928170418,Sara,,López,,1981-04-27
423237619,Santiago,Andrés,Gómez,Martínez,1957-03-27
88682336,Camilo,Diego,Torres,Hernández,1946-06-04
793064610,María,Luis,Ramírez,Gómez,1951-10-19
806267830,Juliana,,López,,2006-01-08
324560052,Javier,,Gómez,Ramírez,1998-08-04
703232121,Felipe,,Martínez,,1999-10-18
200342319,Juan,,Sánchez,García,1980-12-09
587585479,Sara,,López,,1966-12-16
755003559,Javier,,Pérez,,2007-07-28
11209797,Valentina,,Sánchez,,1986-01-08
20705787,Diego,Laura,Torres,,2001-09-02
136213034,Luis,,Gómez,,1958-03-15
717084940,Santiago,,Sánchez,,1961-04-27
64289152,Camila,Felipe,Torres,Pérez,1977-12-28
226200842,Juliana,Luis,Gómez,Gómez,1947-03-16
936536779,Luis,Mateo,Rodríguez,,1950-08-26
298120842,Diego,Javier,Ramírez,,1958-08-12
211742380,María,,Torres,Martínez,1984-09-26
818715150,Luis,Natalia,Sánchez,,1989-12-29
657811107,Daniela,,Sánchez,,1968-02-14
475254744,Sara,Santiago,Hernández,Gómez,2002-01-07
566219916,Luis,,Gómez,Gómez,1965-01-28
207212647,Paula,María,Gómez,Rodríguez,1989-05-14
100958562,Mateo,Daniela,Sánchez,Pérez,1959-11-04
406220634,Laura,Javier,Pérez,García,1944-12-07
42063040,Andrea,Luis,Pérez,Torres,2004-10-10
853700234,Natalia,Andrés,García,,1984-02-09
247491006,Santiago,Javier,Gómez,Ramírez,1962-08-06
740795887,Andrés,Juan,Pérez,Martínez,1973-06-19
255674459,Luis,,Ramírez,,1943-05-02
775155624,Juan,,López,Hernández,1940-10-15
868272439,Sara,Camilo,Hernández,Gómez,1951-12-08
724418040,Santiago,Mateo,Hernández,,1943-02-12
838228038,Andrés,Sara,García,Martínez,1986-02-07
245526522,Andrés,,Gómez,,1962-07-10
189767685,Andrea,Laura,Pérez,,2003-05-29
83310499,Juan,,García,Pérez,1985-12-17
652706828,Juan,,Pérez,Gómez,1980-07-12
981902093,Natalia,,Rodríguez,,2012-03-02
890197402,Andrea,Juliana,Martínez,,1971-10-17
78696860,Camilo,,Rodríguez,,1999-05-10
460711927,Juan,Natalia,Martínez,Martínez,1957-03-29
435032084,Mateo,,Torres,,2006-09-01
105056492,Felipe,,Gómez,Ramírez,1983-04-25
794415620,Carlos,,Gómez,Torres,1966-03-13
338257659,Sara,,Gómez,Rodríguez,1955-02-06
112923259,Juan,Camilo,Martínez,López,1942-04-22
860901054,Juliana,Luis,Hernández,López,2015-03-02
571410009,Camilo,,Gómez,Ramírez,1952-11-12
754803195,Camila,Luis,García,,1948-05-24
346568898,Luis,,López,,2010-02-11
76168431,María,Sara,Hernández,,1992-04-03
428840513,Andrés,Sara,Rodríguez,,1977-11-19
515522262,Santiago,Valentina,Hernández,López,1953-06-26
725590881,Mateo,,López,,1973-04-14
192835860,Mateo,Laura,Gómez,,1935-11-25
724869697,Daniela,,García,,1938-06-25
170713051,Diego,Mateo,Gómez,Pérez,1956-08-15
493621560,Camilo,,Hernández,,1977-07-01
670259460,Carlos,,Martínez,,1978-01-29
26541120,María,Andrea,Martínez,,2002-08-28
46856195,Camila,Sara,Pérez,,1980-12-10
527909102,Diego,Paula,Martínez,,2004-06-06
289137496,Camila,,Pérez,,1963-02-21
839519493,María,,García,Rodríguez,1976-03-12
497969841,Juan,,Ramírez,,1950-11-13
834310124,Juliana,,Martínez,Rodríguez,1957-06-16
433362469,Paula,Camila,Sánchez,,2013-06-11
46696924,María,,Sánchez,Ramírez,1993-07-01
116811603,Mateo,María,López,Torres,1998-04-27
102825331,Daniela,Mateo,Gómez,,1983-03-07
505510636,Paula,Juliana,López,,1974-07-26
146545302,Santiago,Sara,García,,2012-09-02
436061400,Daniela,,López,Sánchez,1981-12-17
961908449,Valentina,,Pérez,López,1936-03-26
707232693,Natalia,,López,,1957-06-04
610840649,Sara,Juliana,López,,1993-07-29
622598301,Camilo,,Martínez,,1934-11-18
655630119,Diego,,Pérez,Rodríguez,1971-06-17
577027457,Mateo,,Gómez,,1938-03-15
204411767,Felipe,Juliana,Martínez,,2008-01-22
222160971,Juliana,,Hernández,,1954-04-25
970993584,Carlos,Camila,Hernández,,1960-03-10
705746600,Juliana,,Martínez,,1945-12-25
211866292,María,Andrea,López,,1946-01-10
240922419,Laura,,Rodríguez,,1946-12-09
344335072,Camila,Santiago,Pérez,,1953-11-11
644268075,Carlos,,Ramírez,,1956-03-29
996033243,Natalia,,Gómez,,1941-12-14
890144494,Valentina,Andrea,Rodríguez,,1968-04-11
179739627,Sara,Natalia,Pérez,,1943-10-13
821197707,Camila,,Gómez,,1998-09-13
705323801,Daniela,,Rodríguez,García,1938-12-17
15086415,Diego,,García,,2000-05-10
530280422,Sara,,Torres,,1946-12-23
949040413,Mateo,,Pérez,Pérez,1978-12-03
545044876,Andrés,Andrés,Sánchez,,1970-01-20
817881149,Juliana,,Sánchez,,1949-07-28
242159541,Valentina,Mateo,Torres,,1969-09-23
975252538,Felipe,,Martínez,García,1939-11-03
248118765,Felipe,Andrés,Rodríguez,Rodríguez,1959-09-26
935185906,María,,Ramírez,,1972-05-19
890167513,Felipe,Camilo,Martínez,,1999-04-19
12555696,Carlos,Juan,García,,1939-10-14
330966955,Felipe,Paula,Pérez,Martínez,1951-03-10
891633713,Juan,Felipe,Ramírez,Pérez,2015-02-10
875039974,Carlos,Andrés,Sánchez,,1948-10-02
410379456,Andrés,Felipe,Martínez,,1938-07-11
368595198,Camila,Luis,Ramírez,Torres,1946-06-08
373843624,Sara,Mateo,García,Sánchez,1962-01-18
48372411,Andrea,,Ramírez,Rodríguez,1938-02-13
844863085,Daniela,,Sánchez,,1985-12-11
633188018,Camilo,Camilo,Rodríguez,,1940-12-15
187535996,Laura,,Gómez,,1978-05-30
490191664,Mateo,,Sánchez,,1983-02-15
729480988,Javier,,Torres,,1969-12-31
386240068,Luis,,García,,1940-01-30
222539500,Luis,María,Torres,Rodríguez,2003-05-07
40278616,Diego,Carlos,Ramírez,,1942-02-06
314633956,Felipe,Sara,Rodríguez,,1999-03-23
723489759,Sara,,Martínez,Sánchez,2001-06-24
485700631,Carlos,Laura,Pérez,Hernández,1960-02-07
383588659,Carlos,,Torres,López,2012-07-21
739198349,Andrea,,Sánchez,Martínez,1953-12-09
32141096,Camila,Laura,Hernández,Martínez,1968-06-19
331521393,Paula,Paula,López,Pérez,2001-01-16
678609289,Santiago,Javier,Gómez,,1953-09-13
746183660,Juliana,,Torres,García,1939-05-01
971972896,Laura,Sara,Sánchez,Torres,1993-12-20
452096616,Sara,,Gómez,,1996-04-06
233760090,Sara,Andrés,Sánchez,,1964-04-27
646453867,María,,Gómez,,2000-06-07
344175282,Juan,Paula,García,,1979-07-29
850163577,Andrés,Santiago,Rodríguez,,1937-07-26
621978521,Javier,María,Ramírez,García,2006-08-24
484688326,Paula,,Martínez,,1964-11-30
284987371,Camilo,,Pérez,,1964-03-16
394152206,Diego,,Ramírez,Gómez,1992-10-11
348791398,Santiago,María,Ramírez,Ramírez,1971-11-30
945178236,Paula,,Gómez,,1949-12-24
629214031,Laura,,Pérez,,2001-01-16
667965598,Felipe,Camilo,Gómez,,2015-01-11
405648397,Natalia,Daniela,Rodríguez,Rodríguez,1955-10-17
468053079,Santiago,,Gómez,,1959-01-30
754812987,Daniela,Natalia,Sánchez,,1982-04-12
815440344,Carlos,,López,Pérez,1990-06-09
795521281,Andrea,Juliana,Ramírez,Ramírez,1977-12-24
381544696,Felipe,Laura,Torres,Gómez,1987-12-07
396829465,Sara,,García,López,1943-08-21
169613887,Paula,Diego,López,Pérez,1974-02-03
920676160,Santiago,,Pérez,,1993-04-13
107512757,Laura,,Ramírez,Ramírez,1945-12-11
542056594,Luis,,López,,1994-12-29
706831146,Felipe,Sara,Gómez,,1968-12-07
306226126,Felipe,,García,,1956-10-29
671408438,Javier,,López,García,1965-12-26
130600540,Santiago,,Hernández,,1966-02-03
125675128,Javier,,Torres,,2005-02-16
273422979,Daniela,,Gómez,,1972-12-08
802173965,Paula,Juliana,Sánchez,,2010-09-04
307055574,Santiago,Andrea,Gómez,Gómez,1944-01-02
729263982,Mateo,,Sánchez,,1960-03-13
691403683,Santiago,,Rodríguez,,1988-10-14
354650567,Juan,María,Gómez,Pérez,1970-02-10
189042422,Valentina,Carlos,Torres,,1961-05-08
993743799,Juan,,López,Rodríguez,1957-02-12
889297906,Santiago,Mateo,Martínez,,1947-06-05
240940093,Daniela,,Martínez,García,2007-03-29
214928496,Javier,Valentina,López,López,1990-01-22
922873938,Camila,,Ramírez,,2006-10-12
455122248,Laura,,Gómez,,1951-01-20
298426154,Andrea,,Hernández,Rodríguez,1974-03-14
73816303,Mateo,,Gómez,Sánchez,1957-07-10
317263345,Carlos,,Ramírez,Pérez,2002-05-05
238736309,Carlos,,Rodríguez,,1971-12-12
989517652,Diego,Sara,López,Hernández,1973-02-15
858101299,Laura,,Pérez,Torres,2009-08-24
395611130,Daniela,Javier,Hernández,Sánchez,1959-01-09
728353540,María,Carlos,García,Pérez,1980-06-11
347312663,Natalia,,López,,1970-03-18
57563277,Carlos,,Sánchez,,2004-01-27
344372980,Andrea,,López,,1966-05-25
640243256,Luis,Juliana,Pérez,,2007-09-10
724172901,Daniela,,Gómez,,1955-01-04
720067792,Sara,,López,Torres,1936-11-09
604214110,Camila,,López,Sánchez,2009-11-07
241067621,Diego,,Torres,Ramírez,1968-08-19
262500875,Javier,Luis,Martínez,,1936-06-10
783312462,Juliana,Andrea,Gómez,,1985-12-02
589846286,Diego,,Ramírez,,1993-02-28
693514500,María,María,López,López,1938-09-24
786932627,Daniela,Luis,Martínez,Gómez,2007-11-12
726291514,Luis,,Pérez,Ramírez,2013-12-08
89235620,Valentina,,López,Martínez,1949-04-12
573880361,Valentina,,Pérez,,1942-08-21
518330955,Andrés,,García,,1990-09-10
924545633,Laura,Luis,Ramírez,García,1937-08-11
22257371,Sara,Carlos,Gómez,,1965-02-10
662463050,Natalia,Carlos,Pérez,,2006-07-03
345410222,Valentina,Valentina,López,Martínez,1935-11-16
172904035,Sara,Natalia,Ramírez,,1996-12-23
793592957,Sara,Juliana,Torres,,1936-03-09
732764108,Valentina,Santiago,Rodríguez,,1936-11-28
273284525,Sara,Camila,García,,1989-03-01
703383607,Laura,Paula,López,Ramírez,2012-09-14
651230431,Juan,,Martínez,Rodríguez,1982-03-11
919675029,Luis,,Ramírez,,1966-03-27
252860671,Juliana,,López,,1957-07-12
322574313,Juan,Santiago,Martínez,,2014-06-10
468571703,Juliana,,García,García,1955-02-20
323936401,Luis,,Martínez,Rodríguez,1983-05-22
546521335,Paula,Felipe,Sánchez,,1969-07-08
610530798,Santiago,Andrés,Torres,López,2010-02-22
943342939,Luis,,Gómez,Torres,1936-12-05
813175381,Juan,Natalia,Pérez,Martínez,1977-03-26
88906008,Diego,,Gómez,,1967-01-23
19365294,Natalia,,Hernández,,2013-01-29
45789110,Andrés,Paula,Martínez,,1993-12-29
845767710,Sara,,López,Rodríguez,1948-05-28
182749429,Carlos,Mateo,Sánchez,Pérez,2005-07-01
604698124,Andrés,,Martínez,,2010-05-20
834703249,Valentina,,Torres,Sánchez,1972-03-27
304151580,Camila,,Sánchez,,1987-10-17
359760660,Paula,Natalia,López,,1943-04-08
184458005,Mateo,Luis,Rodríguez,Rodríguez,1953-01-22
450024447,Valentina,Valentina,Rodríguez,Sánchez,1985-12-22
559976459,Camila,,Ramírez,,2000-01-02
989767116,Andrea,Juan,Rodríguez,Gómez,1966-09-16
789982131,Mateo,Laura,López,García,2004-04-05
562193729,Camila,,Torres,,1986-10-14
675693491,Mateo,Andrés,Hernández,,1995-12-02
467311460,Andrea,,Sánchez,,2012-12-04
294680832,Santiago,,Rodríguez,López,1996-08-11
509128501,Sara,,Pérez,,1976-01-03
89641122,Andrea,Carlos,Martínez,,1942-10-12
54647178,Valentina,Diego,Rodríguez,,1971-08-04
642121618,Valentina,,Pérez,,1938-03-27
446367810,Andrés,,Ramírez,Martínez,2012-11-12
616420202,Natalia,,Rodríguez,García,2010-03-16
487131759,Mateo,Daniela,García,Torres,1954-08-01
291487383,Laura,,Torres,Ramírez,1952-06-30
332193394,Camilo,Juan,Hernández,,1946-09-12
814796955,Juan,Camilo,Sánchez,,1954-07-25
293366060,Camila,,Pérez,García,1935-05-09
552368815,Luis,,Martínez,García,1952-12-07
877411139,Carlos,,Rodríguez,Torres,1992-12-09
85194865,Camila,María,Pérez,López,1956-10-12
208702519,Carlos,Felipe,Sánchez,,1934-10-10
675081181,Valentina,Carlos,Martínez,Hernández,1964-06-26
740745754,Luis,Natalia,Sánchez,,1960-07-11
64155609,Luis,,López,Gómez,1990-07-01
49889803,Diego,Juan,Martínez,,1971-03-17
729263447,María,,Torres,,2005-08-19
877134724,Diego,,Martínez,,1952-01-08
72211325,Andrea,Juan,López,,2005-09-30
732641424,Juan,,Sánchez,Pérez,1944-08-25
834057470,Mateo,Diego,Ramírez,García,1973-01-04
76220443,Camilo,Luis,Pérez,,1937-06-14
326819348,Javier,Santiago,Sánchez,,1995-12-07
943040559,Laura,,Hernández,,1988-06-30
195153331,Felipe,Natalia,García,,1989-08-23
942325288,Javier,,Rodríguez,,1936-08-26
150064574,Andrea,,Gómez,Pérez,1973-07-14
661388624,Valentina,Camilo,López,,1996-08-07
788458371,Luis,Andrés,Rodríguez,,1952-04-05
222388965,Daniela,Santiago,Hernández,Martínez,1959-10-16
242897281,Diego,,Hernández,,1993-11-16
974197053,Paula,Laura,Rodríguez,,1958-11-30
444884630,Carlos,,López,Pérez,1980-04-20
542757638,Juan,Laura,Rodríguez,Hernández,2000-02-10
540596504,María,María,Gómez,Torres,1977-08-28
35094663,Camila,Paula,Martínez,García,1986-11-06
556582744,Sara,Valentina,López,García,1999-07-07
828046186,Mateo,Daniela,García,Torres,1998-10-02
474726504,Santiago,,García,,2003-08-28
360395627,Andrea,Valentina,López,Torres,1962-07-23
421479357,Camila,,Sánchez,,1954-03-14
361348522,Santiago,,Gómez,,1971-03-22
251424739,Camila,,Pérez,,1953-05-01
858694944,Andrea,,García,Gómez,1955-12-26
316704428,Camila,,Sánchez,,1979-06-19
925915987,Juliana,,López,Sánchez,1955-05-15
906506428,Sara,,Sánchez,Martínez,2012-08-02
784280052,Carlos,,Gómez,Ramírez,1958-10-21
13028384,Daniela,,Hernández,,1951-05-21
995356713,Carlos,,Torres,,1940-02-17
580892110,Mateo,,Torres,,1951-11-24
404323028,María,,Sánchez,,2013-12-17
472284366,Luis,Javier,Rodríguez,López,1998-03-17
159251059,Javier,,López,Ramírez,1984-02-13
609509964,Laura,Natalia,Martínez,Martínez,1949-01-20
54307545,Mateo,,Sánchez,,1938-07-07
72954357,Sara,Felipe,Pérez,,2013-11-21
71595392,Carlos,Juliana,Gómez,Torres,1946-10-18
610548462,Daniela,Diego,Pérez,,2011-04-11
246587852,Andrea,,Rodríguez,Torres,1953-12-13
813612526,Valentina,,Torres,,2006-10-18
66642524,Juliana,,Martínez,Rodríguez,1948-05-17
833601681,María,Diego,García,,1968-12-21
959629724,Paula,,García,Sánchez,1996-05-27
501486662,Camila,,García,,1973-02-18
168748633,Javier,,Ramírez,,1968-02-14
811804362,Valentina,,Pérez,,2006-05-24
612703973,Natalia,,Rodríguez,,1983-01-05
550180336,Mateo,Santiago,Pérez,,1998-08-28
963735866,María,Mateo,Rodríguez,,1960-08-14
29067446,Luis,,Hernández,Torres,2005-07-24
115595283,Andrés,Daniela,Torres,,1953-12-06
464045476,Luis,,Sánchez,Torres,1985-04-01
206083869,Felipe,,Ramírez,Gómez,1974-09-01
212370819,Camilo,Diego,Rodríguez,Torres,1944-06-10
551710681,Daniela,,Ramírez,,1934-07-13
176658852,Santiago,Juan,Pérez,,1967-07-28
970586468,Natalia,Natalia,Sánchez,,2011-07-23
507256670,Juliana,Andrea,Hernández,,2006-11-30
266723623,Carlos,,Gómez,Torres,1972-08-31
310466709,Andrea,,Martínez,López,1991-10-13
176682934,Laura,,Pérez,,1967-11-29
787589504,Javier,,Hernández,,1979-05-07
447265511,María,,Sánchez,,1985-03-10
38114900,Luis,Juliana,Ramírez,,1974-03-08
822867179,Luis,,Ramírez,,1945-03-03
242337012,Diego,,Ramírez,Rodríguez,2005-12-31
949427023,Diego,Valentina,García,Hernández,1954-09-24
588524320,Valentina,Andrés,Torres,Ramírez,1980-07-02
842726328,Valentina,Juan,García,,1975-03-05
650955177,Sara,,López,,1971-02-25
754563060,Santiago,,Hernández,,1979-01-03
637934015,Valentina,,Martínez,Rodríguez,1981-03-05
143713266,Camilo,Paula,Hernández,Gómez,1966-10-04
311418625,Mateo,,Martínez,García,1943-08-16
156555916,Juliana,Laura,Torres,,1953-10-02
834039769,Luis,Paula,Rodríguez,,1973-06-16
496055516,Daniela,Daniela,López,,1982-09-25
695070067,Valentina,Javier,Rodríguez,,1961-12-17
401483103,Diego,Santiago,Ramírez,,1961-01-27
285146396,Carlos,,Gómez,,1981-03-16
379459565,Daniela,,Hernández,Gómez,1977-09-08
424962216,Juliana,,Hernández,,1976-11-01
147977574,Andrea,Juliana,Martínez,,1952-01-01
374646364,Juan,,García,,1938-07-09
830643605,Daniela,,García,,1980-07-20
904518616,María,Camilo,Martínez,,1940-12-04
973772921,Juan,Camilo,Hernández,,1999-03-25
277748928,Natalia,Natalia,Torres,Gómez,1950-05-15
157419248,Paula,María,Martínez,García,1984-03-06
624523823,Natalia,,Ramírez,Sánchez,2000-09-11
263549498,Natalia,,Torres,,1944-08-16
378690274,Natalia,,García,,2003-03-25
582907261,Carlos,Camila,Pérez,Sánchez,2014-11-06
788462549,Carlos,Laura,Torres,Martínez,1945-04-30
866067234,Laura,Laura,Pérez,Hernández,1953-12-26
683106468,Daniela,,Gómez,,1957-11-12
444074648,María,,Gómez,Pérez,2006-02-01
212374809,Laura,,Ramírez,Pérez,1963-01-28
453875999,Andrés,Carlos,García,Sánchez,1944-12-17
465844580,Camila,Paula,García,García,1992-01-03
872715754,Laura,,Pérez,Pérez,1987-12-05
940088713,Camilo,Natalia,Hernández,,1936-03-16
958565233,Carlos,Andrés,López,Pérez,1970-05-21
299599086,Camilo,Daniela,Ramírez,Rodríguez,1938-09-13
492236422,Camila,,Pérez,Torres,1961-02-11
53145588,Diego,Mateo,Gómez,Gómez,1976-02-27
873265968,Camilo,,Martínez,Ramírez,1936-01-24
533874260,Andrea,Daniela,Sánchez,,1936-10-14
122050875,Mateo,,López,López,1970-02-14
323943115,Diego,,García,Torres,2006-07-25
728414730,Felipe,,García,,1967-01-03
177732998,Camilo,Camilo,Ramírez,Torres,1974-05-24
885649738,María,,Ramírez,,2000-10-20
132980913,María,,García,Sánchez,1943-05-07
227431506,Javier,Daniela,García,Gómez,1981-07-13
238044281,Laura,,Sánchez,Pérez,2003-04-11
737760757,Mateo,,García,,1948-08-22
655522590,Camila,Juliana,Torres,,2007-03-02
386212158,Juliana,Felipe,Pérez,,1991-04-15
697390970,Diego,,Ramírez,,2005-07-24
31345954,Camilo,Camila,Sánchez,Torres,1992-09-03
946637142,Luis,Camila,Ramírez,Sánchez,2001-10-17
815494769,Diego,,Hernández,,1944-09-29
368372815,Sara,,Rodríguez,,1990-05-03
387563301,Sara,,García,Pérez,2013-03-19
798189899,Valentina,,López,Gómez,2009-08-20
330054676,Diego,Sara,Rodríguez,Torres,1986-07-30
763060582,Javier,Paula,Rodríguez,,1950-09-03
81638680,Laura,Andrés,Hernández,Gómez,1972-03-01
373480645,Camila,,Hernández,Hernández,1980-08-15
341797595,Carlos,Sara,Ramírez,,1980-04-04
943826617,Sara,Luis,Rodríguez,,1967-07-25
230670005,Daniela,,Pérez,Pérez,1962-05-25
852336724,Andrea,Felipe,Gómez,,1993-01-14
593808104,Daniela,Valentina,Rodríguez,Sánchez,2001-03-13
800790687,Luis,Juan,Ramírez,Ramírez,1956-08-09
123439131,Andrés,,Gómez,,1968-12-05
907949505,Andrea,Luis,Ramírez,,1975-07-09
846235892,Camilo,,López,Torres,1976-12-25
434889962,Javier,,Ramírez,,1994-05-22
429193649,Javier,Paula,Hernández,Sánchez,1968-04-30
477899803,Camila,,Torres,Rodríguez,1962-02-08
282097282,Diego,,García,Torres,1984-01-13
520118088,María,Javier,Martínez,Ramírez,1940-07-16
294341598,Mateo,Laura,Rodríguez,García,1951-01-13
278722107,Laura,Mateo,García,,1964-04-27
203145835,Andrés,,García,,1966-11-03
128473367,Daniela,,Pérez,Ramírez,2009-09-08
330559169,Laura,,García,,1965-05-20
896340802,Andrea,,Hernández,Sánchez,2009-10-20
299266327,Sara,Laura,Pérez,,1977-07-21
726238160,Diego,Mateo,Ramírez,,1939-03-24
941137771,Sara,Camilo,Pérez,Rodríguez,1954-03-21
398001041,Paula,,Torres,,1984-02-15
850603995,Camilo,,Pérez,Torres,1946-04-28
140330753,Laura,,Ramírez,López,1997-11-22
898587399,Camila,Daniela,Sánchez,Pérez,1940-09-12
447749272,Juan,,Hernández,,2012-01-17
468819403,Diego,,López,Torres,1990-10-30
824931954,Andrés,Natalia,Sánchez,,2005-01-18
39911917,Camilo,,Torres,,1961-10-30
68097040,Diego,,Ramírez,,1966-06-02
231759519,Luis,Laura,Hernández,,1980-11-17
589086221,María,Valentina,Pérez,Gómez,1996-09-15
193937250,María,Sara,Torres,,1994-10-15
609186455,Carlos,,Martínez,,1969-03-30
499876628,Valentina,Juan,Ramírez,Martínez,1971-01-11
986022163,Juliana,,Hernández,Martínez,1988-07-12
591224338,Paula,Juan,Gómez,Torres,2012-04-07
230017356,Camila,Felipe,López,Rodríguez,1935-10-19
132492237,Mateo,Andrés,Ramírez,,1979-11-10
653614451,Santiago,Sara,García,,1993-05-09
548283301,Santiago,,Sánchez,,2000-04-29
225152774,Javier,,García,García,2009-06-13
407695273,Santiago,Luis,Martínez,Ramírez,1993-04-30
992231097,Javier,Valentina,Torres,Hernández,1958-10-08
31168533,Paula,Andrea,Pérez,,1975-03-28
88226372,Andrea,Natalia,Martínez,,1946-09-04
990876886,Sara,,Rodríguez,,1936-05-17
959588292,Paula,,López,Torres,1939-05-27
824917073,Carlos,Juliana,Hernández,Torres,1970-05-14
798510386,Laura,,Hernández,Torres,2009-07-11
762976385,Javier,,López,Sánchez,1951-05-14
489289821,Santiago,Camila,López,Rodríguez,1936-12-09
808567415,Valentina,,Sánchez,Pérez,2010-04-08
187207591,Carlos,Diego,Gómez,,2007-11-16
467306175,Andrés,Luis,Rodríguez,Ramírez,1979-12-23
989747437,Felipe,,Gómez,Gómez,1955-03-13
401460951,Felipe,Luis,Hernández,,1972-02-17
115900075,Valentina,,Gómez,Ramírez,1960-05-16
758077130,Andrés,Andrea,García,,1967-08-20
938618142,Diego,,Ramírez,García,2012-04-28
63093605,Camilo,,Rodríguez,,1987-10-13
499945782,Laura,María,Rodríguez,García,1980-05-04
713673429,Felipe,Mateo,García,,1959-05-07
109666823,Andrea,,Martínez,Sánchez,1981-03-03
668029263,Javier,,Pérez,,1999-07-28
955970648,Camilo,,Pérez,,1988-05-12
725094465,Paula,,Martínez,García,1987-02-13
719524040,Paula,,Pérez,Ramírez,2005-05-05
40898999,Luis,Mateo,Pérez,López,1991-12-12
911348309,Carlos,Luis,Gómez,Pérez,1978-04-02
431010479,Diego,,Ramírez,Rodríguez,1986-01-22
919338745,Mateo,,Sánchez,Pérez,1978-04-03
547339921,Mateo,,Gómez,,1995-08-20
276341300,Juan,Paula,Gómez,,1986-10-20
262543191,Valentina,,Pérez,Gómez,1972-02-06
856612872,Carlos,Mateo,Rodríguez,Pérez,1973-07-01
31939971,Laura,Carlos,Gómez,Gómez,1964-12-08
274759739,Camilo,,Ramírez,,2013-12-19
617632702,Valentina,,Rodríguez,Hernández,2011-10-30
20014818,Juan,Luis,Hernández,Gómez,1968-12-28
344356651,Carlos,Juliana,Hernández,,1998-08-27
217926874,Camilo,,Gómez,Gómez,1954-01-28
11498821,Mateo,Diego,Sánchez,López,1957-09-11
853392521,Andrés,Juliana,Ramírez,,1987-02-17
682601000,Daniela,Luis,Ramírez,García,2001-09-14
517201080,Andrés,Paula,Martínez,Torres,1936-12-30
537850262,Valentina,Luis,Rodríguez,,1945-10-27
725394270,Camilo,Andrés,Ramírez,Hernández,1970-11-16
658596465,Diego,Andrés,Gómez,,1955-09-25
372181684,Diego,Javier,López,Gómez,1977-08-08
650204470,Mateo,,López,,1939-12-28
683396327,Mateo,Natalia,Gómez,,1985-12-28
130107038,Juan,Juliana,García,,2013-08-17
160000503,Diego,,Rodríguez,Gómez,2003-07-12
364168017,Juliana,Paula,López,Martínez,1951-02-24
690708756,Paula,Diego,Martínez,Hernández,1939-04-29
917613174,Mateo,Laura,Ramírez,,1936-11-07
352516947,María,Felipe,Martínez,Martínez,1997-08-02
827841401,Juliana,Juliana,García,,1990-06-13
229224339,Camila,,Sánchez,,1938-02-07
967304765,Daniela,Andrea,López,,1964-04-25
584879166,Sara,,Sánchez,García,1987-04-19
191843995,Santiago,,Sánchez,,1949-04-23
549180892,Diego,,Torres,Torres,1983-05-14
174898098,Felipe,,López,,1937-09-01
310659765,Camila,,Ramírez,Torres,1948-11-22
309958609,Juan,,Ramírez,,1980-07-25
113320357,María,Javier,Martínez,Hernández,1981-03-13
755496522,Juliana,Carlos,Pérez,López,1951-06-08
392619831,Camilo,Camilo,Martínez,Hernández,2013-11-07
919224201,Felipe,,Sánchez,,1951-02-12
364845976,Natalia,,Sánchez,,1995-12-09
262096461,Juliana,Santiago,Hernández,,1950-11-22
748522970,Luis,Santiago,López,Torres,1988-04-22
287849751,Luis,,López,,1944-01-05
457490083,Diego,Andrea,Gómez,,1959-05-25
758786082,Camilo,,Martínez,,2009-08-10
29585114,Luis,,Hernández,Martínez,1997-06-23
204373558,Santiago,,Martínez,,1947-11-12
554002564,Valentina,Valentina,Sánchez,,1947-05-01
862359314,Luis,,Martínez,,1950-07-31
691007172,Daniela,Laura,Gómez,Ramírez,1969-05-05
939616822,María,Mateo,Sánchez,Pérez,1981-07-13
272113130,Javier,,López,,1944-02-15
635439589,Andrés,,Hernández,,1954-11-09
268920266,Juan,,Hernández,Torres,1948-03-28
251026637,Laura,Camila,Torres,,1993-11-15
350965646,Diego,,Gómez,Pérez,1968-12-18
143933403,Camila,Daniela,Martínez,,2013-03-30
182345068,Felipe,,Pérez,,1953-06-29
152785875,Santiago,Carlos,López,,1987-07-12
165907892,Natalia,Valentina,Pérez,,1944-02-21
493297183,Sara,,Martínez,,1978-06-20
677261594,Mateo,,Sánchez,Pérez,2002-12-13
129110096,Santiago,Mateo,Sánchez,Hernández,1951-04-29
669336582,Carlos,Juliana,Pérez,,1984-11-18
335793284,Valentina,,Ramírez,,1990-12-28
181214785,Juan,Paula,Rodríguez,,1941-05-15
838817399,Valentina,Daniela,Sánchez,,1952-02-14
930596154,Camilo,,García,,1970-08-30
10680599,Luis,Andrea,García,,1970-09-21
791254089,Camila,María,Hernández,,2006-06-22
805628666,Paula,Carlos,Martínez,García,1980-05-01
160142030,Felipe,,Ramírez,,1979-08-02
656310732,Javier,,López,García,2008-05-06
370186347,Mateo,,Ramírez,,1996-07-16
28691644,Daniela,Camila,Hernández,Pérez,1979-12-07
219550345,Natalia,,López,Rodríguez,2007-11-06
762090119,Andrea,Juliana,Sánchez,Ramírez,2005-03-18
251282952,Juliana,,Pérez,,1942-08-28
62600118,Felipe,,Pérez,López,1947-01-05
645004602,Paula,Mateo,García,Gómez,1963-01-07
112993852,Andrea,,Torres,López,2000-06-08
656324435,Camilo,,Sánchez,,1988-12-12
885381189,Laura,,Gómez,,1955-12-31
447429756,Juliana,Carlos,Torres,,1938-04-24
473441296,Santiago,Valentina,García,Ramírez,1993-12-27
656175150,Sara,Felipe,Hernández,,1980-12-07
464216279,Sara,Laura,Torres,Gómez,1971-12-01
455330065,Santiago,,Gómez,,1999-10-08
804156570,Natalia,Luis,Pérez,,1987-02-26
447635866,Valentina,Paula,Torres,,1979-04-20
678868552,Andrea,,Torres,Martínez,1973-07-24
293028204,Luis,Diego,Ramírez,,1987-08-28
672415316,María,Diego,Martínez,Torres,1986-10-18
209622834,Camila,,Hernández,,1990-06-15
210721351,Juliana,,Rodríguez,Gómez,1936-12-20
272385497,Laura,,Ramírez,Gómez,1983-05-19
76872720,Carlos,,García,,1980-11-26
989792681,Andrés,Juan,López,,1993-01-22
68559607,Sara,Camila,Sánchez,Rodríguez,2000-06-24
784177699,Camilo,,Martínez,Pérez,1946-03-17
238277437,Juliana,,Martínez,,2014-12-23
517046655,Carlos,,Hernández,Martínez,2002-08-20
710496225,Santiago,Natalia,Rodríguez,,1951-03-04
812321063,Valentina,,Sánchez,,1946-10-14
158843565,Andrea,Andrés,Gómez,,1964-04-30
734118864,Javier,,Martínez,Sánchez,1935-06-05
397117932,Juan,,Torres,Pérez,1971-06-12
251577566,Daniela,Carlos,Rodríguez,Pérez,1954-08-12
174866337,Felipe,Juan,Ramírez,,1958-03-01
776736552,Daniela,,Hernández,,1966-12-11
207586426,Andrea,,Sánchez,Pérez,2005-11-06
341255195,Santiago,,Hernández,Torres,2006-01-08
397201260,Juliana,,Pérez,Sánchez,1969-06-27
180859157,Andrea,Carlos,García,Torres,1984-05-01
157730172,Diego,,Ramírez,Pérez,1940-12-07
893736654,Andrés,Andrés,Gómez,Rodríguez,2012-01-27
180614544,Andrea,,García,Pérez,1969-07-31
395302913,Daniela,,López,,1991-01-21
278282028,Camila,,Pérez,,1999-09-17
570381155,Javier,,Pérez,,1968-06-29
615191288,Andrés,,Rodríguez,Pérez,1938-08-08
611653036,Camilo,María,Torres,,1975-04-08
578498954,Juan,,Torres,,1962-05-07
783495700,Andrés,María,Rodríguez,,1996-01-21
190472914,Santiago,Juliana,Torres,Gómez,1964-12-09
100845344,Andrea,Andrés,Pérez,Gómez,1988-10-06
491362439,Luis,Santiago,Rodríguez,,1937-10-06
242090889,Luis,Paula,Torres,Rodríguez,1959-07-01
873690065,Mateo,Camila,Hernández,,1971-12-01
243620381,Felipe,,Sánchez,Ramírez,1997-09-06
547447774,Felipe,Andrés,Hernández,,1949-06-27
901282710,Santiago,,Hernández,,1952-06-12
858911925,Javier,Mateo,Rodríguez,Rodríguez,1964-08-20
912038095,Laura,Diego,Rodríguez,Pérez,1972-08-20
686459878,Andrea,Javier,Rodríguez,Gómez,1981-02-20
545263288,Luis,,Pérez,Ramírez,1936-09-10
30002854,Mateo,,Martínez,Ramírez,1939-04-24
907219422,Felipe,Diego,Hernández,García,1943-02-01
566416189,Felipe,,Sánchez,Ramírez,2005-10-21
183835223,Andrea,,Pérez,García,1954-10-24
738881762,Juan,,Torres,López,1988-07-23
786566822,Andrés,,Pérez,Pérez,1996-02-27
476927270,Laura,,Ramírez,,1999-05-23
678264736,Andrés,María,Torres,Gómez,2002-11-01
770688735,Santiago,,Gómez,Hernández,1935-01-22
761167028,Paula,Diego,Gómez,Pérez,2015-01-17
700000661,Luis,Natalia,García,Sánchez,1997-03-03
696172694,Paula,María,Pérez,López,1949-01-15
354684328,Valentina,,Martínez,,2004-01-19
974408280,Paula,Natalia,Rodríguez,Hernández,1994-03-02
543006059,Felipe,Laura,Hernández,,1954-12-26
198353724,Valentina,,Torres,Gómez,1988-09-23
447340913,Javier,,Martínez,Pérez,1944-04-13
450664381,Camila,,Rodríguez,,1985-04-07
282473551,Paula,Felipe,Sánchez,Ramírez,1941-08-16
305040477,Daniela,Valentina,Hernández,,1946-03-13
482590494,Camila,,Rodríguez,Sánchez,1968-11-24
697208857,Juliana,,Torres,Hernández,2013-10-30
329150729,Natalia,,Martínez,,1992-10-25
533008581,Felipe,,Martínez,,1993-05-23
414016774,Natalia,,Pérez,Gómez,1954-12-13
553212987,Andrea,Natalia,Sánchez,,1940-12-28
861851734,Paula,Mateo,García,,1944-07-23
977757236,Valentina,Natalia,Torres,Sánchez,1988-10-28
645228637,Valentina,,Pérez,Ramírez,1971-10-03
573686466,Paula,Camilo,Sánchez,,1972-11-09
768488486,Valentina,,Gómez,,1937-03-24
335140381,Diego,Felipe,Hernández,Hernández,1999-12-21
29763684,Daniela,,Ramírez,,1999-04-14
700957078,Camilo,,Sánchez,Gómez,1964-06-13
619808090,Carlos,,Martínez,,1952-02-10
947768545,Camilo,Natalia,Rodríguez,,1964-02-17
150281881,Daniela,Paula,Gómez,Martínez,1968-01-25
878365621,Camilo,,López,,1978-08-06
11910173,Mateo,,García,,1939-04-16
843303955,Santiago,,Torres,Pérez,2014-09-14
435312492,Mateo,Andrea,Hernández,,1978-04-18
625230859,Daniela,,Sánchez,Ramírez,1995-11-20
571492919,Javier,Juan,Sánchez,López,1988-07-15
798167301,Mateo,Valentina,Torres,Hernández,1989-07-19
345453842,Daniela,,Gómez,Martínez,1940-09-26
569129806,Andrés,Diego,Torres,,2004-02-04
803851845,Valentina,,Ramírez,Hernández,2012-08-13
910213734,Camilo,Felipe,Ramírez,Gómez,1947-03-05
185718020,Diego,,Rodríguez,,1983-01-22
929221454,Felipe,,Torres,Gómez,2010-09-21
677682539,Valentina,,Ramírez,Hernández,1949-11-01
540702038,Daniela,Juliana,Sánchez,Ramírez,1950-06-22
478865324,Javier,,Pérez,,1998-08-29
795497197,Natalia,Natalia,Martínez,López,1983-11-11
558155940,Camilo,,Martínez,Rodríguez,1986-11-09
994131818,Andrea,Carlos,Rodríguez,Torres,1989-07-10
673717380,Felipe,Andrés,García,,1978-09-01
907355066,Juan,Andrea,Ramírez,Sánchez,1938-10-19
950145896,Camila,Felipe,Rodríguez,,1985-01-27
911174083,Natalia,Paula,López,Gómez,1942-12-03
304235329,Felipe,,Sánchez,,1977-10-21
12138827,Juan,,García,,1945-02-09
994509188,Paula,,Sánchez,,2001-08-12
155615920,María,,Martínez,,1944-12-10
599599202,Camila,,Martínez,Rodríguez,1990-02-01
979064029,Javier,,García,Gómez,2014-04-01
501909264,Natalia,Andrés,Martínez,,1951-10-26
791770794,Carlos,Laura,Torres,,1994-07-23
50528797,Juliana,Natalia,Hernández,,1969-12-07
973538135,Andrés,,Ramírez,,1945-04-01
93515951,Javier,,Sánchez,,1939-08-08
78502355,Daniela,,López,,1969-05-15
942902433,Sara,,Torres,Sánchez,1997-08-22
746979460,Santiago,Andrea,Martínez,,1958-01-01
839825168,Sara,Valentina,Martínez,,1980-09-25
624824576,Valentina,Andrés,García,Rodríguez,1989-01-15
513144327,Mateo,Sara,Sánchez,García,1997-09-09
357656296,Paula,,Hernández,,1972-09-11
939691509,Carlos,,López,,1953-06-21
744704454,Natalia,Daniela,Sánchez,Rodríguez,2007-07-27
48299131,Diego,,Ramírez,López,2009-11-12
337093128,Santiago,Felipe,López,Martínez,1998-12-03
755759715,Santiago,Luis,Ramírez,García,1965-11-09
395542666,Javier,,Rodríguez,,1983-05-27
382013310,Daniela,,Ramírez,,1950-05-01
684533128,Felipe,,Pérez,,1938-12-02
820978998,Sara,Natalia,Ramírez,,1956-05-25
422700998,Juliana,Carlos,Torres,Hernández,2005-05-29
704979770,Sara,,Martínez,García,1943-05-02
942180007,Luis,Laura,Hernández,Gómez,2001-07-12
920297076,Paula,,Torres,García,1973-07-23
665185251,Natalia,Paula,Sánchez,García,1979-10-16
111163648,Felipe,Diego,Torres,,2008-09-12
767124948,Mateo,Mateo,López,Pérez,1986-07-20
430954438,Laura,,Gómez,,2012-04-07
747924616,María,,Pérez,Pérez,1970-07-10
169792541,Mateo,,Sánchez,,2004-05-10
523776814,Javier,,Hernández,Gómez,1976-08-03
940556367,Juan,,Martínez,,1977-03-02
584743411,Juan,Daniela,Ramírez,Hernández,1939-01-06
310315855,Andrés,,Gómez,,1945-03-20
924003300,Laura,Camila,Sánchez,Martínez,1980-05-23
829513680,Juliana,,Hernández,Rodríguez,1953-02-10
404972069,Laura,Camila,Hernández,,2013-01-22
884047302,Andrea,Andrés,Ramírez,López,1985-06-02
682795583,Carlos,,García,Rodríguez,1954-07-20
621032767,Javier,Felipe,Torres,Sánchez,1958-05-18
175782293,Juan,,Ramírez,,2010-06-26
492697469,Javier,Diego,López,Gómez,1975-11-04
966994264,Daniela,Andrés,Ramírez,Torres,1945-01-24
59808696,Mateo,,Hernández,,2010-06-05
915391736,Andrea,,Gómez,,1994-03-03
624275704,Camila,,Martínez,Rodríguez,1961-11-03
809889644,Juliana,,Torres,Gómez,1982-02-18
137263390,Natalia,Felipe,Martínez,,1943-05-30
334628795,Carlos,,López,,1953-06-12
847399189,Carlos,,Pérez,Gómez,1964-01-10
424950835,Laura,,López,Hernández,1944-06-20
136072523,Laura,Andrea,Ramírez,,2009-11-13
238301219,María,,López,Ramírez,1977-04-20
791808083,Sara,Mateo,Torres,López,1935-12-31
600203371,Camilo,Santiago,Pérez,López,1960-12-21
79431896,Juliana,Laura,Rodríguez,,1941-07-28
522323151,Valentina,Diego,Ramírez,Martínez,1953-11-30
933705466,Camila,,García,,1976-02-07
348153414,Sara,,Sánchez,,1963-01-25
977555127,Paula,,Martínez,Hernández,1969-01-30
263034008,Andrés,,Rodríguez,,1979-07-19
495518585,Natalia,,Rodríguez,Gómez,2012-06-10
585182287,Andrea,Camila,Sánchez,,1962-02-03
134183190,Andrea,,García,Torres,1956-03-02
105551734,Luis,,Sánchez,,1941-06-09
558136122,Paula,Luis,Sánchez,Martínez,1947-12-22
466501868,Andrea,,Martínez,,1953-08-31
499122941,Javier,,García,Torres,1958-10-18
671571675,Javier,,Torres,Gómez,2003-10-29
485793862,Juan,,Pérez,,1983-08-11
865616437,Andrés,,Torres,,1983-06-05
260667126,Paula,,García,,1951-12-22
626478624,Laura,Juan,López,Pérez,1939-03-29
498175823,Camila,Camila,Hernández,Torres,1979-08-31
380817830,Luis,,Sánchez,,1982-02-20
640690359,Juan,,López,Martínez,1978-06-06
971099991,Camilo,,Martínez,,1967-04-15
590930546,Daniela,,Hernández,,1935-11-29
110212653,Daniela,Camilo,López,García,1943-11-07
243228667,Sara,,García,Ramírez,1967-10-17
279679460,Carlos,Juan,Sánchez,Hernández,1986-10-21
78022963,María,Laura,Rodríguez,,1936-03-02
111438316,Andrea,Felipe,Sánchez,Hernández,2009-01-10
67139606,Felipe,Javier,López,,1998-03-03
758331347,Diego,María,Sánchez,,1983-11-10
676077597,Mateo,Andrés,Sánchez,López,1956-01-17
987839816,Juliana,,Torres,,1939-02-24
395775800,Sara,,Rodríguez,Pérez,1958-09-11
488950213,Carlos,,Pérez,,1942-02-24
976352730,Laura,,Pérez,,1959-03-01
231359943,Santiago,Andrés,Martínez,Gómez,1972-09-09
153639029,Javier,Natalia,Pérez,,1935-01-04
501159236,Santiago,,Rodríguez,Sánchez,1972-10-12
74962662,María,,Rodríguez,,1934-09-08
981482269,Juliana,Sara,López,,2003-05-12
60744603,Carlos,Sara,García,,1959-12-28
852464736,Natalia,Felipe,Torres,,1964-03-12
438108907,Mateo,,Martínez,Torres,2003-05-15
371892518,Santiago,Santiago,García,Martínez,1954-05-31
754098905,Andrea,Camilo,Ramírez,,1939-12-22
449986050,Juan,María,Rodríguez,Torres,1980-07-24
727927613,Mateo,Camilo,Hernández,,1957-11-21
203153765,Andrea,,Hernández,,1942-10-14
678886109,Laura,,López,Sánchez,1996-02-26
387172253,Paula,Daniela,Ramírez,Hernández,1939-11-04
911233671,Luis,Natalia,García,,1939-11-28
53091528,Natalia,,Torres,,1962-10-11
22189383,Juliana,,Rodríguez,Rodríguez,1972-07-16
973581139,Mateo,Andrea,Ramírez,Rodríguez,1968-11-24
584841713,María,,Torres,García,2010-11-27
851259640,Luis,,Ramírez,Sánchez,2009-03-30
298975904,Andrés,,Hernández,,1960-08-14
35103575,Javier,,Hernández,Gómez,1983-02-21
995250435,Santiago,Camila,Pérez,Sánchez,1974-07-20
292240424,Laura,Juan,Martínez,Pérez,1945-02-10
539977973,Camila,Camila,Ramírez,,2002-01-05
75544225,Andrés,Daniela,Sánchez,,2007-04-01
240735474,Juan,,Gómez,Torres,1990-12-24
159875378,Javier,Camilo,Torres,,1986-09-08
377767061,Andrés,Diego,López,,1993-07-10
874496559,Andrea,Juliana,Gómez,Sánchez,2006-12-16
727811480,Natalia,,Martínez,Torres,1987-08-17
774942201,Valentina,,García,López,1965-07-15
929703234,Santiago,Mateo,Pérez,Sánchez,2004-01-19
386445729,Andrea,Javier,García,Gómez,1999-09-29
737607761,Felipe,,Sánchez,,2011-02-24
462904947,Felipe,,García,,1981-04-08
394608033,Natalia,,Rodríguez,,1956-11-11
816518882,Andrea,,Pérez,,1942-11-12
267510892,Andrea,María,Ramírez,,1972-01-26
945671816,Javier,Valentina,Torres,,2002-12-15
45842658,Valentina,Sara,Torres,,1987-06-27
215635718,Laura,Camilo,Torres,Torres,1952-09-13
585033127,Camila,,García,,2014-03-01
619723884,María,,García,,1957-10-19
451984905,Camila,,Gómez,Hernández,1980-03-18
310686036,Juliana,Santiago,García,Gómez,1968-10-21
157431773,Javier,,López,Martínez,2008-08-24
907178653,Camilo,Andrea,López,Sánchez,1983-07-09
137063956,Natalia,,Martínez,Sánchez,1935-11-04
506588979,Santiago,,Hernández,,2015-01-25
884606061,Mateo,Juan,López,,1951-11-17
517980649,Diego,Felipe,López,,1940-06-10
189083722,Natalia,Mateo,Martínez,,1948-08-14
727685821,Diego,Luis,Hernández,García,2001-01-29
342867105,Laura,,López,,1958-09-04
936795986,Carlos,,Martínez,,2000-05-02
14359517,Natalia,Valentina,Martínez,Torres,2006-07-07
155173536,Daniela,María,Ramírez,García,1936-07-24
70538356,Juliana,Diego,Martínez,,1954-04-10
286636474,Felipe,,Torres,,1974-08-11
641327528,Santiago,,Rodríguez,,1952-07-20
143294860,Luis,,Pérez,Ramírez,1985-06-07
840931801,Natalia,Andrea,Rodríguez,Gómez,1972-07-18
112027566,Paula,Laura,Rodríguez,,1967-08-21
650863844,Diego,,Martínez,,1989-12-11
692947818,Camilo,Juliana,Hernández,López,2001-06-05
902690103,Daniela,,Torres,Sánchez,1942-02-16
769299270,Andrea,,López,,2007-12-03
791895383,Juan,Carlos,Torres,Sánchez,1960-02-16
356333969,Luis,Paula,Ramírez,,2008-10-15
848185715,Santiago,Andrea,Rodríguez,,2002-07-07
340359737,Felipe,Juan,Gómez,,1947-02-14
785684851,Andrés,Andrés,Sánchez,,2010-05-17
644436965,Valentina,,Ramírez,Sánchez,1941-09-28
993588678,Santiago,,García,Sánchez,1992-01-01
616700031,Laura,,Pérez,,1939-09-02
843288936,Juan,Santiago,Torres,,1979-02-12
690481925,Diego,,Gómez,,1993-10-08
692487864,Carlos,Diego,García,,1954-05-09
994684544,Santiago,Luis,Gómez,Martínez,1947-04-05
505946249,Diego,,Sánchez,García,1952-01-31
296328461,Felipe,Felipe,Torres,Martínez,1994-04-27
674600541,Andrea,Luis,Gómez,,1944-09-27
519480105,Juliana,,Martínez,Gómez,1987-02-02
76730268,Sara,Paula,García,Martínez,1976-01-31
254610256,Camila,Natalia,López,Ramírez,1988-06-06
278758194,Luis,,Rodríguez,Rodríguez,1943-08-15
546809004,Camilo,,García,,1959-11-27
932204521,Daniela,Felipe,Ramírez,Gómez,1995-10-18
363347770,Sara,,Martínez,,1994-08-26
972304859,Andrés,,Torres,,1979-03-24
530892547,Camilo,,Martínez,,1960-01-01
718036369,Laura,,Ramírez,Sánchez,2004-11-29
440320298,Juliana,,Gómez,Ramírez,2012-03-31
191363412,Camila,,Martínez,Torres,1969-01-21
401245473,Sara,,Pérez,,1977-12-15
374728856,Camilo,Camila,Rodríguez,García,1948-07-17
11586982,Camila,Carlos,Martínez,Torres,1973-04-15
578778161,Javier,Camilo,Hernández,Sánchez,1941-07-20
947613693,Natalia,,Rodríguez,Rodríguez,1983-11-13
406799566,Juliana,,Ramírez,Martínez,1956-09-05
881116741,Santiago,,Pérez,,1976-10-21
287928949,Javier,Santiago,Gómez,,1956-01-28
790739255,Luis,Carlos,Martínez,Sánchez,1956-05-19
407788551,Laura,Santiago,Sánchez,,1981-04-14
458458277,Sara,,Pérez,Torres,2014-08-22
784058934,Diego,,López,García,1945-12-21
162569294,Carlos,Paula,Hernández,,1963-02-17
434507297,Santiago,,Sánchez,,1960-12-03
485235954,María,,Rodríguez,Gómez,1958-10-06
340561466,Mateo,,Sánchez,,1983-10-23
92721050,Mateo,Laura,Torres,,2011-08-19
152419271,Sara,Valentina,Martínez,Ramírez,1976-03-04
860183564,Mateo,,Sánchez,Ramírez,1969-02-25
229475802,Juliana,,Ramírez,,1934-08-14
537399545,Paula,Sara,Sánchez,,1940-06-20
380459951,Natalia,,Sánchez,Torres,1988-11-14
67162244,Sara,Andrea,Rodríguez,Gómez,1948-07-30
320718516,Juliana,,López,Sánchez,1971-01-10
329079141,Mateo,Andrea,Ramírez,,1983-03-29
254171894,Mateo,Andrés,Rodríguez,Pérez,1935-03-17
934316062,Andrés,Laura,Torres,,1943-05-25
294266551,Javier,Camila,Gómez,Pérez,1945-09-21
544710993,Javier,,López,,2012-07-24
53400888,María,,Martínez,,1973-04-26
944319713,Javier,Felipe,Pérez,,1968-11-27
347415804,Daniela,Natalia,Gómez,,2007-01-21
656302161,Paula,,Martínez,,2015-01-18
739830378,Camila,,Torres,Gómez,1975-08-28
399882013,María,,Hernández,Sánchez,1952-10-23
28936406,Javier,Diego,López,,1939-04-14
980086121,Felipe,,López,Hernández,1946-01-13
376677522,María,,Torres,Gómez,2005-08-14
769167937,Andrés,Sara,López,,1944-05-04
112417650,Mateo,,Gómez,Torres,2001-08-25
982519952,Juliana,,Hernández,,1953-05-28
32369291,Santiago,Andrea,Rodríguez,,2010-02-01
326615587,Laura,,Martínez,,1937-02-20
610722495,María,María,Pérez,Gómez,1987-08-12
258520500,Santiago,,Gómez,,1961-05-02
65240184,Javier,,Hernández,Ramírez,1944-09-09
756768291,Sara,Carlos,García,García,1998-03-31
891416962,Santiago,,Hernández,,1973-02-03
564669902,Mateo,,Gómez,,2010-07-30
995267198,Mateo,Juliana,Martínez,López,2006-09-02
387944057,Juan,,Martínez,,1983-01-01
728369195,Natalia,,Torres,,1945-04-29
912733297,María,Andrés,Pérez,,1950-10-27
931433819,Camila,Camilo,García,,1949-07-22
247513131,Diego,,Sánchez,López,1989-10-01
632471734,Camilo,Felipe,Ramírez,,2009-11-09
97778693,Mateo,Laura,Ramírez,Torres,1990-10-05
851655192,Paula,,García,García,1992-03-02
614909571,Andrea,Sara,García,,1997-09-19
212923836,Andrea,,Sánchez,,2007-07-01
35567180,Laura,,Rodríguez,,2000-08-01
756507703,Luis,,Hernández,,1992-03-10
582751115,Juan,Paula,Gómez,Torres,2012-08-30
841923352,Andrés,Luis,Gómez,,1958-07-28
907413525,Camilo,Mateo,Gómez,,1979-03-11
984242548,Andrés,Javier,López,Sánchez,2002-08-21
85330138,Camila,María,Gómez,,1939-05-07
865377697,Valentina,Mateo,García,Gómez,1993-05-23
275226174,Paula,,Gómez,García,1966-03-04
649729184,Sara,Santiago,García,Gómez,2012-07-20
89894714,Diego,Diego,Hernández,,1979-09-29
962365802,Santiago,Juliana,López,Gómez,1983-11-06
737869482,Camilo,Paula,García,,1994-11-28
321004816,Natalia,,Rodríguez,,2010-08-27
410007006,Felipe,Felipe,Gómez,Pérez,2010-12-16
972302074,Juan,,Martínez,Gómez,1994-12-16
198464040,Mateo,,Rodríguez,,1969-03-23
786185494,Laura,,Gómez,,1962-08-22
176452115,Mateo,,García,Martínez,1955-09-25
660023990,Andrea,Diego,García,Hernández,1945-09-10
457161650,Carlos,,Gómez,,2000-05-04
676422210,Paula,Javier,López,Sánchez,1986-01-15
757157258,Camilo,Juliana,López,Hernández,1994-01-19
875697450,Valentina,Camilo,López,Torres,1967-04-13
558038698,Diego,Daniela,Gómez,Sánchez,1963-01-12
740098479,Juan,Andrés,Sánchez,Martínez,1999-12-11
588188646,Santiago,Juliana,Torres,,1969-01-25
996694665,Mateo,Andrea,Martínez,,1976-10-27
729057277,Juliana,,Gómez,Pérez,1994-09-25
185880753,Andrea,Juan,López,García,1953-06-29
230066298,Juliana,,Rodríguez,,1951-07-22
55197030,Camilo,Paula,Hernández,Ramírez,1981-02-16
865505385,Luis,,Pérez,,1937-03-14
998412880,Juan,María,Pérez,Hernández,2002-03-15
662774510,Luis,,García,Torres,1955-10-08
630441213,Mateo,Andrés,Gómez,Martínez,1951-04-22
749760862,Laura,Santiago,López,Gómez,1943-12-29
214455779,Diego,Luis,Hernández,,2014-10-02
936866960,Felipe,,Gómez,,2005-07-22
411981497,Javier,,Martínez,Pérez,1957-06-06
799455283,Daniela,Santiago,Torres,García,2006-05-23
280623813,Paula,María,Gómez,Sánchez,2011-08-17
65713055,Mateo,Diego,Martínez,,1999-12-27
394962107,Laura,Andrés,López,,1956-05-14
438526819,Andrea,,Torres,Rodríguez,1958-06-03
379903948,María,,Sánchez,,1969-10-23
128664814,Javier,Santiago,Rodríguez,García,1957-04-27
352951452,Daniela,Juliana,Sánchez,Rodríguez,1996-04-09
416235060,Juan,Daniela,Hernández,Torres,1974-03-04
151212076,Valentina,,Gómez,Rodríguez,1991-12-27
536383597,Diego,Camila,Gómez,Gómez,1968-04-12
306958894,Carlos,,Torres,,1959-06-15
430692358,Camilo,,Sánchez,,1948-09-23
712446965,Mateo,,García,,1953-03-31
914381454,Javier,Camila,Pérez,López,2006-03-25
379299191,Valentina,Camila,Torres,Hernández,1964-03-11
337090985,Andrea,Diego,Rodríguez,,1966-03-09
167549045,Santiago,Santiago,López,Sánchez,1973-04-28
737620077,Mateo,Paula,Pérez,,1964-07-16
422441010,Camilo,,Gómez,Rodríguez,1934-06-23
653475631,Andrés,Sara,Gómez,Hernández,1946-04-05
876823850,Valentina,,Torres,Ramírez,1979-11-07
552324333,Sara,,Torres,,1980-07-28
541666434,Juliana,,Gómez,,2010-02-01
511976170,Natalia,Paula,Rodríguez,Sánchez,1995-12-02
190392366,Laura,,Ramírez,Rodríguez,1987-10-30
755716646,Andrés,Santiago,García,,1963-08-01
890030208,Laura,,López,García,2014-01-02
310304684,Daniela,Juan,García,Sánchez,1944-06-12
134719905,Mateo,,Gómez,López,1966-07-07
591133583,Andrés,Juliana,Pérez,,1991-04-30
613761447,Camilo,,García,,1995-01-03
461560664,Carlos,Luis,García,Gómez,1997-04-08
305951495,Javier,Valentina,Ramírez,,1999-12-14
669429755,Valentina,,Sánchez,,1934-09-22
450621208,Santiago,Laura,Rodríguez,López,1999-12-18
21043239,Andrés,,Gómez,,1982-10-18
101045337,Valentina,,Torres,Pérez,1954-09-13
668030990,Laura,,López,,1942-04-13
660359402,Juliana,María,Ramírez,,1973-11-28
814137391,Juan,,Ramírez,Rodríguez,1998-04-16
