nit,first_name,middle_name,last_name1,last_name2,cod_state,cod_city
983762709-9,Sara,Isabella,Martínez,,015,027
866405466-9,Juan,Santiago,Ramírez,,011,002
872390827-9,Camila,,López,García,016,025
903962861-7,Luciana,,Pérez,,002,009
891386605-8,Emily,,Sánchez,González,006,028
846317237-8,Mateo,,Martínez,Gómez,023,008
930542556-7,María,,López,González,010,032
979865344-9,Luciana,,Pérez,Gómez,003,008
954988608-1,Danna,Gabriela,García,Pérez,019,027
956807175-5,Luciana,Emily,López,,015,012
818239949-1,Santiago,Nicolás,Ramírez,Hernández,005,009
965072638-7,Isabella,Valentina,Gómez,López,028,032
915523797-4,Tomás,,Pérez,,028,018
938115266-4,Santiago,Juan,Martínez,Ramírez,003,024
969831630-2,Camila,María,Ramírez,García,014,008
951724793-2,Tomás,Emiliano,Hernández,Ramírez,014,021
833510395-1,Emiliano,,López,Rodríguez,007,018
889227688-1,Emmanuel,Tomás,Martínez,López,010,003
904014134-4,Mateo,Mateo,Rodríguez,Sánchez,011,018
942510161-4,Luciana,María,Martínez,Hernández,008,004
806661439-7,Nicolás,Emmanuel,González,Ramírez,015,004
842493246-8,Luciana,,González,,027,007
840301453-7,Jerónimo,,Rodríguez,Martínez,005,020
997095563-5,Laura,Gabriela,Gómez,Sánchez,003,022
996206814-8,Camila,,López,González,008,027
886608862-2,Laura,María,Ramírez,,007,029
885534506-6,Santiago,Santiago,González,López,005,030
955886704-5,Nicolás,,Rodríguez,García,013,031
911361858-3,Emily,,Martínez,Pérez,026,011
903157058-8,Jerónimo,Nicolás,Sánchez,Rodríguez,030,003
851385185-5,Camila,Laura,López,,023,024
813369485-9,Laura,,Sánchez,Pérez,017,015
864788492-8,Nicolás,Juan,González,,007,013
927578119-2,Juan,Jerónimo,López,García,016,015
862075556-4,Emmanuel,,Pérez,,001,025
914276954-9,Tomás,Nicolás,Martínez,García,019,006
856520889-9,Camila,,Sánchez,,021,024
825685273-1,Isabella,Luciana,Rodríguez,,008,023
843084190-7,Emiliano,,Pérez,Ramírez,006,006
905787620-2,María,Camila,González,Martínez,020,025
859029490-4,María,Laura,Rodríguez,,010,031
829345398-2,Camila,,González,Hernández,015,027
874510367-3,Jerónimo,,Rodríguez,,013,014
848875008-6,Tomás,Nicolás,García,,030,015
981256335-2,Emmanuel,,Pérez,Ramírez,018,024
933263688-3,Laura,Sara,Martínez,Pérez,020,006
978937171-3,Sebastián,Samuel,González,,013,015
928152328-8,Samuel,Tomás,González,Sánchez,027,021
942481039-4,Luciana,,Pérez,,012,004
923371325-4,María,Isabella,Sánchez,Ramírez,009,009
801626731-7,Santiago,Emiliano,Hernández,López,015,029
828292977-1,Laura,María,Pérez,,018,022
962754266-1,Emmanuel,,García,Ramírez,011,029
899534241-4,Emmanuel,,Rodríguez,Martínez,010,026
869534413-6,Emmanuel,Jerónimo,Martínez,,017,017
901711491-8,Sara,Isabella,Gómez,García,022,014
804511652-7,Santiago,,López,García,023,031
991246688-3,Camila,Isabella,Sánchez,Martínez,001,014
811146115-7,Sara,Valentina,Sánchez,,023,012
928072887-5,Camila,,López,Hernández,004,020
920983570-9,Valentina,,López,García,019,014
913606486-5,Jerónimo,Nicolás,García,González,009,013
856077901-2,Gabriela,Laura,Ramírez,Sánchez,017,016
970108347-5,Isabella,Gabriela,Rodríguez,,014,015
858519593-2,Samuel,Samuel,García,Rodríguez,004,003
931983373-2,Nicolás,,Martínez,Pérez,004,030
854634586-3,Sara,Camila,Ramírez,Gómez,007,017
821739857-6,Tomás,,Ramírez,Gómez,030,023
818750136-5,Emily,Camila,García,Martínez,016,005
839801106-9,Sara,Danna,Gómez,García,012,013
895767241-7,Nicolás,Emmanuel,García,López,028,023
992217290-2,Mateo,,Pérez,Gómez,006,024
814126524-5,Isabella,Sara,Pérez,,017,028
995999801-9,María,,López,Hernández,001,006
887766023-4,Valentina,,González,Ramírez,017,031
846996509-7,Emmanuel,Mateo,Martínez,García,017,017
938966128-2,Camila,Emily,Pérez,Hernández,007,024
997703412-8,Emiliano,,Gómez,,022,001
817711013-6,Nicolás,Sebastián,Rodríguez,,009,004
985873846-7,Camila,Gabriela,González,Ramírez,010,013
922309315-4,Valentina,,Martínez,,025,023
868844840-6,María,Laura,Hernández,,013,030
937669808-7,Jerónimo,Samuel,Pérez,,014,031
877910417-3,Sebastián,Tomás,Pérez,López,021,012
811066029-9,Emily,Isabella,González,,008,010
969221664-4,Emmanuel,,Sánchez,,012,008
877537140-6,Isabella,Laura,Ramírez,González,030,002
870516365-1,Emily,,Hernández,Rodríguez,027,005
886533871-7,Santiago,,Pérez,Martínez,030,002
925207843-3,Nicolás,,González,,026,024
843615937-8,Santiago,,Martínez,,003,022
950212637-9,Emily,,García,Gómez,002,026
944980574-6,Jerónimo,,Rodríguez,Hernández,002,020
960852067-8,Emily,María,Gómez,González,019,027
816217196-1,Santiago,,Gómez,,031,017
971834987-4,Valentina,Laura,Rodríguez,Ramírez,010,015
803478305-7,Santiago,,Martínez,Rodríguez,025,006
851252304-3,Isabella,Emily,González,Hernández,011,027
830149857-3,Sebastián,,García,,013,032
919336952-6,Sebastián,,López,,021,016
875413468-6,Isabella,Valentina,Sánchez,Ramírez,015,013
992265142-4,Gabriela,,López,Martínez,020,025
928080350-1,Sebastián,,Martínez,García,006,006
870881282-1,Isabella,Emily,López,Sánchez,018,019
949209187-8,Mateo,,Martínez,Martínez,031,009
946209206-3,Emmanuel,Emmanuel,Pérez,,030,018
832369510-8,Danna,Camila,González,,029,009
908129110-1,Laura,Camila,Sánchez,,001,013
911883434-4,Tomás,Tomás,Pérez,Pérez,009,026
904396470-8,Emily,Valentina,Ramírez,Hernández,004,017
920349507-7,Tomás,Santiago,Ramírez,Rodríguez,031,021
973386851-8,Tomás,,Pérez,González,008,006
845312386-1,Nicolás,Samuel,López,Hernández,007,027
861667604-5,Emiliano,Santiago,López,,005,032
925396744-1,Santiago,Santiago,Ramírez,López,020,023
875859542-5,Danna,,Sánchez,Rodríguez,007,002
801640147-6,Samuel,,López,Pérez,002,030
840196568-5,Samuel,Jerónimo,Martínez,,002,016
908921819-8,Laura,Luciana,García,,021,031
807355013-5,Emmanuel,,Martínez,,007,006
860262969-6,Isabella,Camila,González,,030,014
801637754-1,Samuel,Nicolás,Hernández,López,009,021
867432974-8,Emily,Emily,Sánchez,Rodríguez,011,006
922017500-6,Sara,María,Ramírez,,028,002
970427542-1,Mateo,Nicolás,López,López,005,026
847163536-9,Juan,Emiliano,Gómez,,018,006
825522567-1,Sebastián,,Sánchez,Hernández,014,023
870914890-2,Danna,,Hernández,Hernández,012,007
830860159-5,Gabriela,Isabella,Ramírez,Sánchez,023,028
959600122-3,Tomás,,García,Gómez,019,005
876437226-8,Mateo,Santiago,López,García,012,025
991860078-9,Luciana,,Gómez,Rodríguez,014,027
852349508-5,Gabriela,,García,,011,029
921376727-6,Juan,,Pérez,,016,021
823621930-2,Jerónimo,,Ramírez,Sánchez,024,014
927668304-4,María,Valentina,García,Sánchez,005,032
918099302-9,Tomás,,Rodríguez,García,017,005
832093195-9,Laura,,Pérez,Ramírez,016,024
907952045-5,Emmanuel,,López,González,025,031
971042419-4,Sebastián,,Rodríguez,López,017,032
980359702-8,Isabella,,García,Rodríguez,023,005
802496399-9,Isabella,María,Martínez,,019,031
994614707-6,Emmanuel,Nicolás,López,García,017,006
905715124-6,Emmanuel,,Rodríguez,Martínez,015,016
974417807-2,Luciana,Isabella,Martínez,,021,028
923973298-1,Jerónimo,Juan,Rodríguez,,031,030
935011757-5,Tomás,Emiliano,Martínez,Martínez,009,003
879125555-2,Sebastián,Nicolás,García,,008,002
985914746-2,Camila,,Gómez,García,018,001
865687911-6,Nicolás,Santiago,García,Rodríguez,012,015
863901026-3,Luciana,,García,Pérez,031,009
811693992-8,Emily,,Pérez,,008,006
952984224-6,Juan,Sebastián,López,González,024,006
906806496-5,Danna,Gabriela,López,,007,027
861725101-7,Laura,,Gómez,Pérez,002,023
921827734-4,Mateo,Juan,García,Hernández,032,003
881118763-1,Gabriela,Luciana,Hernández,,011,025
987240775-2,Emiliano,,Gómez,López,003,032
862965395-8,Santiago,Emmanuel,García,,018,006
807109665-7,Santiago,,García,Ramírez,003,004
902779435-2,María,María,Martínez,García,012,016
931127837-9,María,,Rodríguez,López,015,013
982096807-8,Valentina,,Martínez,,025,022
951395422-1,Mateo,Juan,Ramírez,,017,023
812107641-6,María,Emily,García,,002,004
972073453-5,Tomás,Jerónimo,Ramírez,González,031,023
994695731-5,Juan,Emmanuel,Pérez,,017,027
847041933-5,Samuel,Mateo,Martínez,Martínez,032,008
807847484-4,Juan,Sebastián,López,González,003,017
987465349-1,Tomás,Emiliano,González,,019,009
826361499-1,Juan,,López,Ramírez,009,015
997867768-6,María,Camila,González,García,015,031
933151881-5,Emily,Isabella,Gómez,Gómez,018,004
980961531-2,Mateo,Samuel,García,,003,018
993977076-8,Valentina,Camila,García,Ramírez,010,017
823070212-6,Emily,Luciana,Rodríguez,,016,004
883964189-5,Jerónimo,,López,Hernández,010,024
834682552-9,Luciana,,Ramírez,González,024,027
824159859-4,Sebastián,Nicolás,Martínez,,016,030
819565348-5,Isabella,Isabella,García,,016,008
995844134-6,Valentina,Sara,García,,023,012
817986661-6,Luciana,,Ramírez,Ramírez,014,031
893506279-4,Luciana,Laura,Gómez,García,025,018
938021443-3,Mateo,,García,Ramírez,022,025
912972328-7,Nicolás,Juan,Martínez,,012,005
921731047-3,Laura,,Hernández,López,021,021
874505597-4,Valentina,Sara,González,,003,029
982592718-6,Luciana,Gabriela,Pérez,Pérez,006,014
959654540-8,Tomás,,González,,004,017
886643674-8,Nicolás,,Pérez,,027,017
966947302-7,Sara,,López,Ramírez,012,007
939944115-1,Luciana,Gabriela,Ramírez,García,008,032
802727313-5,Tomás,,Rodríguez,,024,014
837360669-3,Valentina,,Ramírez,,018,028
958852266-6,Gabriela,,Hernández,,002,027
894806783-4,Emily,Isabella,López,Pérez,011,010
857697743-2,Danna,,Pérez,Pérez,013,005
948372396-9,Santiago,Mateo,López,Hernández,008,022
814123122-3,Luciana,Luciana,Ramírez,Gómez,022,013
873797664-1,Gabriela,,López,González,001,022
863000210-1,Camila,Sara,Martínez,López,030,019
970502030-1,Mateo,,Hernández,,002,007
906949279-8,Juan,Emmanuel,Gómez,Martínez,010,018
903930450-1,Emmanuel,Santiago,Sánchez,,019,032
810383371-7,Juan,Tomás,Martínez,Martínez,003,028
994929598-9,Santiago,Emiliano,Sánchez,Rodríguez,028,022
803135599-8,Emiliano,Emiliano,García,Hernández,018,010
814376415-4,María,Gabriela,González,,002,029
831599222-7,Mateo,Nicolás,Sánchez,,005,009
823182358-2,Danna,Gabriela,Ramírez,Gómez,024,020
844002212-4,Emily,Danna,Gómez,,012,016
971106628-6,Juan,Samuel,Hernández,,020,031
940060418-5,Sebastián,Santiago,López,López,022,020
945721121-8,Valentina,Emily,Ramírez,,023,032
900137885-3,Laura,María,López,García,026,031
982414896-3,Camila,Camila,López,López,018,009
927269282-4,María,Camila,González,,007,023
843960351-1,María,Emily,González,,022,011
967119451-8,Juan,,Ramírez,,022,005
820043402-7,Sebastián,Santiago,Sánchez,,010,001
963137908-6,Juan,Tomás,López,Rodríguez,015,004
944545648-2,María,Valentina,Sánchez,Ramírez,008,024
875803692-3,Santiago,Samuel,Rodríguez,Martínez,020,017
997193421-1,Emily,Laura,García,,024,023
837836129-9,Samuel,,Sánchez,González,008,008
979308447-4,Santiago,Tomás,Sánchez,,030,020
961778709-1,María,,Hernández,,027,030
941877013-9,María,,López,Rodríguez,011,025
923240891-9,Sebastián,,García,López,006,008
903630999-8,Isabella,,Ramírez,Ramírez,023,012
998802888-6,Sara,,Hernández,López,021,015
820795503-2,Sebastián,,Hernández,González,022,006
918862723-4,Juan,Juan,Rodríguez,Rodríguez,001,016
945935472-1,Isabella,Gabriela,García,López,028,002
855645636-8,Tomás,,López,,006,018
859518026-6,Danna,Emily,Hernández,Gómez,030,013
840774423-6,Sebastián,Nicolás,García,Martínez,031,028
897216988-1,Sara,Camila,Gómez,,014,022
907096582-1,Tomás,Tomás,González,,025,009
876868664-5,Valentina,Danna,García,Hernández,008,019
967928800-5,Valentina,Laura,López,López,019,016
901389688-1,Luciana,Camila,González,Gómez,026,005
959974291-7,Sara,Isabella,López,Rodríguez,012,015
927728987-4,Isabella,Luciana,García,,003,008
989905779-6,Nicolás,,Rodríguez,,003,010
887379577-3,Valentina,Sara,Gómez,Gómez,031,023
905177123-5,Samuel,Mateo,Martínez,,010,018
905549013-7,Emmanuel,,García,García,020,029
961223592-9,Sara,Gabriela,González,Martínez,007,025
805614034-1,Emmanuel,Tomás,López,Gómez,016,024
808218485-2,Tomás,Santiago,López,Martínez,025,025
853379129-6,Danna,Luciana,Ramírez,Martínez,031,031
876178132-7,Emiliano,Jerónimo,Martínez,Rodríguez,022,023
867878882-4,Camila,Luciana,Pérez,Gómez,023,002
998695198-5,Emiliano,,Hernández,Ramírez,030,002
875257622-1,Sebastián,Mateo,Martínez,,019,019
936136983-9,Valentina,,González,Gómez,017,030
917225894-3,Nicolás,Jerónimo,López,González,017,003
963583581-1,Luciana,Sara,Pérez,Sánchez,004,007
972029000-1,Tomás,,Martínez,López,022,018
856466817-4,María,Sara,Gómez,,018,007
901818511-4,Emmanuel,Sebastián,López,,014,005
887519055-3,Emmanuel,,García,,032,003
927730457-8,Nicolás,,López,Ramírez,016,009
872138030-3,Juan,,Sánchez,Hernández,022,019
931435603-5,Gabriela,Laura,Sánchez,Sánchez,007,017
975688139-7,Isabella,Gabriela,López,,013,011
973120707-8,Santiago,,Gómez,González,020,016
857260039-3,Samuel,,Hernández,Hernández,020,020
806959410-8,Emmanuel,Tomás,García,,024,012
968130138-7,Valentina,Danna,González,,015,015
960269685-5,Juan,,Pérez,,018,017
997193564-1,María,Laura,Rodríguez,,029,017
921527135-2,Mateo,Emmanuel,Hernández,Pérez,001,022
881746767-3,Santiago,,Hernández,González,004,002
993960798-7,Danna,Valentina,López,Martínez,025,018
881794737-3,Danna,Luciana,Martínez,,027,013
832043056-5,Mateo,Nicolás,García,González,011,014
811694052-4,Jerónimo,Juan,García,García,010,011
953032366-5,Sebastián,Jerónimo,Martínez,Ramírez,029,004
816208071-6,Santiago,Tomás,González,,012,014
841042210-4,Sebastián,Jerónimo,Martínez,Rodríguez,010,012
917489626-8,Emmanuel,Emiliano,Ramírez,Martínez,031,016
960977732-5,Gabriela,Gabriela,Sánchez,,010,031
948438440-4,Mateo,Juan,Pérez,Gómez,024,025
833906733-5,Jerónimo,,Pérez,Sánchez,007,023
879723407-6,Santiago,Tomás,Rodríguez,,011,014
986784585-8,Isabella,,Rodríguez,,021,008
873735457-7,Laura,Emily,Ramírez,Gómez,011,018
883432732-3,Mateo,Jerónimo,Hernández,Ramírez,020,001
953530424-1,Gabriela,María,López,Sánchez,022,005
839562294-5,Tomás,,López,,027,011
850338686-3,Juan,Mateo,García,Gómez,004,020
869345172-8,Sara,Valentina,Hernández,Pérez,005,009
824290102-1,Emmanuel,,Hernández,,025,027
882870097-3,Mateo,,López,Sánchez,006,007
860718303-1,Nicolás,Samuel,Sánchez,,004,019
858998879-7,Isabella,Isabella,García,,023,013
872981958-1,Isabella,,López,Pérez,006,005
802702017-3,Gabriela,Emily,Martínez,,008,029
995221168-9,Emmanuel,,Rodríguez,Ramírez,004,016
839000482-2,María,,López,,028,017
924377880-8,Gabriela,,Hernández,,008,026
962565566-4,Danna,Luciana,Rodríguez,Ramírez,026,009
955399437-4,Juan,Emiliano,López,,031,020
848359116-8,Samuel,Santiago,García,Gómez,019,016
892624002-4,Laura,,López,Sánchez,015,016
840210241-9,Juan,,Martínez,García,016,029
982753646-7,Sara,Isabella,Gómez,Sánchez,017,004
998111021-4,Mateo,,García,Ramírez,015,029
818062488-1,Emily,,Hernández,,012,010
951981383-5,Emily,,Rodríguez,Ramírez,016,028
912423438-5,Camila,Emily,Gómez,González,032,007
953053243-3,Danna,,Pérez,,011,021
849621078-5,Samuel,,López,Sánchez,005,030
950864798-3,Camila,Emily,Martínez,García,010,016
965086907-5,Laura,Isabella,Sánchez,,005,010
827529052-6,Isabella,Luciana,Hernández,Martínez,008,005
841546271-9,Camila,Luciana,Martínez,,032,008
925506707-5,Valentina,Gabriela,Ramírez,Ramírez,021,007
882061810-9,Valentina,Camila,Rodríguez,Pérez,032,009
939705506-8,Camila,,García,Gómez,004,008
858399859-9,Emily,Gabriela,Rodríguez,Ramírez,022,020
871219352-8,Emily,,González,Gómez,016,032
916465108-8,Danna,Gabriela,García,,025,002
828114682-5,Emmanuel,Nicolás,Rodríguez,,024,022
943676856-3,Gabriela,Isabella,González,Ramírez,015,007
989937306-9,Mateo,Tomás,Hernández,,009,029
889361507-7,Valentina,,González,Gómez,006,019
911283786-1,Isabella,,Pérez,Hernández,006,029
937721050-4,Tomás,Mateo,García,,008,031
964845345-5,Santiago,Mateo,Ramírez,,019,029
824158646-3,Sebastián,,Rodríguez,García,011,024
898637301-6,Santiago,,García,Gómez,032,008
989848750-2,Emmanuel,Sebastián,Rodríguez,Gómez,018,009
831421028-9,Jerónimo,Sebastián,Hernández,,029,018
837847973-3,Nicolás,,Hernández,Sánchez,020,031
876675489-9,Santiago,Sebastián,Hernández,Sánchez,031,020
813501330-1,Gabriela,Sara,Hernández,,003,022
849095135-8,Sara,Camila,Sánchez,Sánchez,022,009
926266099-4,Samuel,,García,,025,012
834502202-5,Camila,Emily,Ramírez,,009,032
933650554-5,Sara,Danna,Ramírez,López,024,012
986093453-5,Juan,,Pérez,García,005,030
947353274-9,Mateo,Jerónimo,López,,019,019
849685008-2,Isabella,Luciana,Pérez,,017,013
829259962-6,Luciana,Laura,Martínez,,009,025
996193090-6,Tomás,Sebastián,Rodríguez,Sánchez,001,008
935908882-5,Samuel,,García,López,018,006
952519193-7,Emiliano,Tomás,López,García,026,018
858297566-9,Mateo,Juan,Sánchez,,001,018
806027495-6,Sebastián,,López,Ramírez,013,013
922438939-8,Emmanuel,,Pérez,Martínez,029,004
850184761-1,Danna,,Rodríguez,,025,021
953154414-6,Emiliano,Sebastián,González,Sánchez,016,027
854988630-4,Santiago,Emiliano,Martínez,González,018,011
945957230-8,Emily,,González,Hernández,006,025
947800587-7,Luciana,,Rodríguez,,030,022
852935465-1,Mateo,,Rodríguez,Pérez,003,029
973208910-8,Valentina,María,Sánchez,García,023,010
881249219-1,Isabella,Emily,Hernández,Pérez,016,014
926205533-5,Jerónimo,,Hernández,Gómez,003,021
874116286-3,Tomás,,Pérez,,013,001
825052482-9,Mateo,Emiliano,Rodríguez,Pérez,028,032
812109216-8,Luciana,,Hernández,Pérez,010,030
806375655-7,Camila,,Gómez,Ramírez,001,012
949476285-2,Juan,,Sánchez,,015,030
828367922-2,Gabriela,María,García,,019,015
927146200-9,Tomás,Sebastián,Gómez,,031,010
857153652-8,Nicolás,,Martínez,Rodríguez,021,013
945812172-8,Mateo,Tomás,González,,019,013
976541778-1,Luciana,Emily,López,,028,017
983895493-2,Nicolás,Jerónimo,Sánchez,,015,031
850432507-4,Valentina,Danna,López,Rodríguez,002,028
939407725-7,Samuel,,Rodríguez,,015,014
877695251-7,Samuel,Emmanuel,Hernández,Rodríguez,008,019
833813418-2,Juan,,Martínez,Rodríguez,008,009
888813053-1,Sara,Gabriela,Hernández,,016,022
972673953-2,Emiliano,,Martínez,,018,027
859401251-1,Emmanuel,Emmanuel,González,,002,020
933162600-6,Emmanuel,Sebastián,Hernández,,010,004
941246173-8,Luciana,Isabella,González,,021,030
800131961-6,Samuel,,García,Martínez,026,027
946533519-3,Jerónimo,,Hernández,,003,024
913287823-4,Valentina,María,Rodríguez,,009,021
884503576-8,Sebastián,Emiliano,Hernández,Rodríguez,031,013
857710900-7,Juan,,López,González,015,007
938035189-4,Emiliano,,Rodríguez,López,031,008
924079971-8,Laura,,Hernández,,025,013
914475746-9,Emiliano,,Hernández,,001,021
931419057-9,Sebastián,Sebastián,Pérez,García,007,017
880718820-8,María,,Rodríguez,López,016,018
928802200-7,Sara,Valentina,González,Gómez,005,026
882399726-1,Sara,,Pérez,García,001,015
880436497-9,María,Camila,Gómez,Ramírez,004,014
935464813-8,Valentina,Luciana,Pérez,Pérez,019,001
866698428-9,Sebastián,Nicolás,Hernández,Gómez,019,003
986074051-8,Sebastián,Jerónimo,García,,003,023
830951968-2,María,,Pérez,González,004,010
934101388-8,Danna,Emily,López,,013,010
953039090-3,Tomás,,González,Sánchez,005,012
859948629-9,Juan,Emmanuel,Gómez,Hernández,026,015
916279415-4,María,,Martínez,Pérez,011,016
895611679-1,Nicolás,,López,González,004,015
826480030-6,Tomás,Emiliano,Ramírez,,011,012
825745719-3,Gabriela,,Rodríguez,,004,008
987984361-1,Laura,,González,,007,023
925626511-2,María,Sara,García,,005,012
917711190-9,Santiago,Samuel,Martínez,Martínez,030,026
904756346-9,Camila,Valentina,Gómez,,007,031
886743318-7,Samuel,,Pérez,,020,008
921439297-4,Tomás,Emiliano,Martínez,Martínez,020,024
803314381-4,Nicolás,,Pérez,Martínez,026,018
922156770-6,Nicolás,Emmanuel,Hernández,Rodríguez,012,007
853558429-1,Danna,Danna,Rodríguez,,019,016
909594309-4,Emmanuel,,López,,031,005
906566122-1,Sebastián,Jerónimo,Gómez,López,027,011
946467877-9,Emmanuel,Mateo,Rodríguez,,004,027
853824704-5,Emiliano,Tomás,González,Pérez,024,016
926965223-8,Mateo,Juan,Ramírez,,030,003
961441759-2,Emmanuel,Santiago,Ramírez,Sánchez,010,004
852895624-9,Nicolás,,Gómez,Ramírez,031,012
955272805-2,Isabella,,Pérez,Sánchez,030,025
977362481-6,Isabella,Luciana,Sánchez,Hernández,002,012
894694835-3,Camila,,Rodríguez,,005,003
849018569-4,María,,García,,012,019
913111079-6,Danna,Sara,González,González,023,009
859363599-7,Sara,,López,,020,019
928971553-6,Santiago,Santiago,Pérez,,010,003
969095275-8,Santiago,,Ramírez,Hernández,022,009
934133648-8,María,Gabriela,García,,005,031
942152002-9,Mateo,Emmanuel,Gómez,,016,022
995278663-4,Camila,Gabriela,Pérez,,025,005
988750166-7,María,Sara,García,López,007,028
800085341-3,Emmanuel,Mateo,Ramírez,,004,032
883074564-4,Isabella,,López,Pérez,032,006
841967022-9,María,Camila,Pérez,Gómez,008,001
815283138-6,Nicolás,,Ramírez,Hernández,022,027
825744065-6,Danna,Danna,Rodríguez,Pérez,022,002
891732446-7,María,,Pérez,Rodríguez,012,007
978511835-3,Laura,,Gómez,Rodríguez,027,031
867236984-3,Camila,Sara,García,Ramírez,001,010
883734988-6,Samuel,,Sánchez,Rodríguez,019,011
851925031-5,Luciana,Gabriela,Pérez,,024,018
832333656-5,Tomás,Juan,Martínez,,024,003
976140786-8,María,,Gómez,López,016,026
811525031-3,Tomás,,Pérez,Martínez,024,019
800096726-7,Nicolás,Tomás,Rodríguez,López,016,014
874960039-7,Luciana,Isabella,Rodríguez,Sánchez,009,030
913464484-8,Laura,,Rodríguez,Hernández,021,017
947184732-6,Emiliano,,Pérez,,029,026
944194690-4,Santiago,,Gómez,Gómez,019,031
814584999-5,Samuel,,Ramírez,,004,023
811781315-7,Sara,Gabriela,Ramírez,,003,026
937711189-9,Tomás,Juan,Sánchez,Hernández,001,024
949137889-7,María,Danna,Gómez,,013,018
913623143-2,Samuel,,López,Martínez,018,003
821452454-5,Jerónimo,Jerónimo,Ramírez,González,030,005
968317324-4,Isabella,,Rodríguez,,015,015
865740402-1,Samuel,,Rodríguez,Martínez,030,029
911769408-6,Sebastián,,González,Pérez,004,018
845203087-3,Tomás,,Rodríguez,Rodríguez,021,007
946924579-8,Emiliano,Emmanuel,Sánchez,Ramírez,019,019
950833905-6,Jerónimo,Tomás,González,,015,030
811694192-7,Gabriela,Danna,Hernández,Martínez,006,030
963948681-2,Gabriela,Emily,Sánchez,,020,025
869436395-3,Luciana,Valentina,González,,007,002
867079153-8,Emiliano,,Pérez,Martínez,027,011
991555333-2,Tomás,Emiliano,Ramírez,Pérez,015,021
888149701-7,Luciana,Camila,Sánchez,,007,026
923611234-4,Samuel,,López,Rodríguez,027,007
887397124-2,Emiliano,,López,,001,021
955425310-9,Sebastián,Sebastián,González,,020,015
965640070-3,Emily,Isabella,García,López,021,020
812420841-1,Emmanuel,,Gómez,,010,014
943642265-3,Emmanuel,,Pérez,Gómez,020,026
909181951-2,Emily,Emily,López,Rodríguez,009,019
885544808-3,Danna,,Hernández,,006,021
877114460-7,Danna,,López,,008,009
942778699-5,Emiliano,Tomás,Rodríguez,López,007,021
940778932-5,Emily,Isabella,Sánchez,González,015,025
827331869-2,Sara,María,González,,020,027
878410412-3,Valentina,,González,,008,012
874652352-9,Gabriela,Valentina,García,Ramírez,027,012
884928290-4,Emily,Danna,Gómez,,009,025
821709564-9,Sara,Gabriela,García,,022,014
853648038-5,Valentina,,Sánchez,,011,022
917632659-1,Santiago,Mateo,Ramírez,,004,022
864099747-2,Emily,Luciana,Ramírez,Hernández,030,002
899619995-5,Laura,Danna,González,Pérez,017,018
833557215-4,Luciana,,González,González,020,009
970189041-1,Nicolás,Tomás,Rodríguez,,013,026
991383033-5,Samuel,Santiago,Martínez,Martínez,025,008
941370448-7,Nicolás,Nicolás,Ramírez,,005,012
829585141-1,Camila,Luciana,López,,004,014
806232952-4,Samuel,Emiliano,Martínez,,015,011
948612256-1,Juan,Mateo,Martínez,Martínez,028,004
898210217-5,Emmanuel,Samuel,López,García,006,030
977151135-7,Danna,Gabriela,Rodríguez,Hernández,024,030
978749583-9,Tomás,,Ramírez,Gómez,015,015
879414787-5,Gabriela,Camila,López,Martínez,014,016
870232700-6,Jerónimo,,Rodríguez,,009,025
936090299-4,Valentina,Laura,Sánchez,García,021,022
943870439-8,María,Luciana,Sánchez,,030,012
880427819-3,Mateo,Jerónimo,Sánchez,González,008,012
837847803-6,Emmanuel,,Martínez,,012,011
982188745-2,Valentina,,Hernández,Hernández,019,018
859255470-5,Danna,Valentina,Martínez,Sánchez,006,009
880483787-5,Santiago,Nicolás,García,,022,002
843585284-6,Juan,,Ramírez,Hernández,012,007
940779869-9,María,,Pérez,Ramírez,015,032
823133458-9,Valentina,,López,Gómez,011,024
920165573-3,Samuel,Nicolás,García,García,007,016
939761092-7,Camila,,García,,030,005
882129313-8,Sara,,Sánchez,,012,017
829712888-5,Emmanuel,,Hernández,Gómez,008,011
990582086-3,Camila,,Gómez,,012,012
922362978-1,Emmanuel,,Martínez,Sánchez,018,011
883527126-7,Laura,Sara,García,,005,017
967586895-7,Camila,Emily,Martínez,García,031,030
955435609-5,Isabella,Laura,González,Sánchez,025,026
898873251-4,Sebastián,,Pérez,,007,001
998167985-6,Samuel,Tomás,Martínez,López,010,031
968619128-9,Juan,Emmanuel,Hernández,,019,003
843740317-6,Jerónimo,Jerónimo,García,,019,010
878654689-9,Tomás,Sebastián,Rodríguez,,017,030
950967792-8,Santiago,,Ramírez,Martínez,013,025
815748420-2,Sebastián,Jerónimo,Sánchez,Rodríguez,023,024
997583626-1,Nicolás,Tomás,Rodríguez,García,014,007
841943074-2,Emmanuel,Sebastián,Ramírez,López,021,015
918330926-9,Mateo,Sebastián,Gómez,González,022,026
880490202-8,Valentina,,González,Rodríguez,021,024
815745501-6,Nicolás,,González,,013,031
847522402-8,Emmanuel,Mateo,Rodríguez,,027,029
869176105-2,Camila,Danna,Gómez,Sánchez,013,020
811361718-4,Sara,Isabella,López,Ramírez,024,025
935974364-9,Valentina,,Sánchez,,021,018
902802588-4,Sara,,Rodríguez,Hernández,012,019
866227141-7,María,Isabella,Hernández,,009,003
917780498-1,Mateo,Jerónimo,Rodríguez,,002,020
956680849-4,Mateo,,García,Gómez,005,014
824518658-4,Laura,Danna,López,Pérez,015,002
889571826-9,Nicolás,Emiliano,Hernández,,017,029
832018570-1,Mateo,Juan,González,Pérez,013,017
912519772-1,Mateo,,Pérez,,018,010
995264792-8,Isabella,,Ramírez,,010,001
922771610-9,Juan,Jerónimo,Hernández,Sánchez,018,009
968007302-8,Nicolás,,García,Martínez,010,027
815722748-7,Nicolás,Juan,González,González,028,032
932335786-3,Emily,,Gómez,,011,012
983688025-6,Juan,,Sánchez,,027,018
951539223-1,Juan,Jerónimo,Gómez,López,018,017
853158708-2,Sebastián,,Sánchez,,024,026
809381957-7,María,,González,López,018,007
801925402-3,Jerónimo,Juan,Pérez,García,024,011
986280533-1,Luciana,Emily,López,López,019,029
808865110-6,Isabella,,González,,011,016
881675928-4,Valentina,Isabella,Rodríguez,,015,020
938986198-3,Sebastián,Mateo,Hernández,,027,030
986423544-6,Tomás,Santiago,Ramírez,,012,021
948713202-9,Jerónimo,,Rodríguez,Sánchez,021,004
975528100-1,Samuel,Sebastián,Rodríguez,,007,019
976322005-5,Laura,Luciana,Rodríguez,Rodríguez,019,022
828319078-9,Emiliano,,López,Rodríguez,031,020
865224333-8,Laura,,López,Gómez,023,025
992194717-3,Gabriela,Luciana,Rodríguez,Martínez,010,002
976224713-8,Valentina,,Hernández,,023,025
849043955-3,Valentina,Laura,López,Hernández,005,017
889271001-3,Emiliano,Jerónimo,Martínez,,002,025
835674626-4,Samuel,Tomás,Martínez,García,009,019
972195353-7,Valentina,,López,,005,022
842003207-3,Nicolás,,López,Gómez,010,008
902289891-3,Valentina,,González,Gómez,006,025
986458174-9,Sebastián,,Hernández,,015,015
932869013-8,Santiago,Nicolás,Martínez,,001,014
911033170-6,Sebastián,Emmanuel,López,Sánchez,012,005
838060114-7,Camila,,Martínez,Gómez,027,002
855961354-8,Samuel,Nicolás,González,Rodríguez,011,011
972754778-3,Emiliano,,Gómez,Pérez,029,005
966386535-2,Gabriela,Isabella,López,,009,016
814642438-6,Emiliano,,Rodríguez,,026,010
818837342-2,Tomás,Sebastián,García,,010,013
885243406-1,Camila,,Sánchez,,020,021
988960264-9,Luciana,Isabella,García,Rodríguez,009,009
803056896-3,Sebastián,Emiliano,Hernández,Hernández,020,017
929197640-7,Sara,,Hernández,,021,006
947505865-5,Samuel,,Sánchez,,019,018
948173222-2,Emily,Emily,Hernández,,027,021
859143619-6,Emily,,García,García,018,032
947357480-6,Gabriela,,López,Gómez,027,018
822649474-4,Jerónimo,,Ramírez,González,015,027
900458163-1,Danna,,García,Ramírez,007,003
888206233-3,Luciana,María,García,García,005,024
950721845-7,Sara,,Sánchez,Hernández,013,011
996300490-1,Sara,Camila,López,,018,013
818873504-3,Sebastián,Sebastián,López,,026,022
857201240-1,Santiago,Santiago,López,Sánchez,002,014
847365693-1,Danna,,Martínez,Hernández,019,010
971723563-4,Isabella,,García,González,030,001
887472467-4,Gabriela,Danna,Gómez,López,004,031
835155329-9,Juan,,González,González,031,030
967174208-1,Danna,,Pérez,García,009,011
843780824-2,Sara,Isabella,Hernández,Ramírez,028,008
811822200-2,Luciana,,Ramírez,,023,018
842583754-4,Emiliano,Jerónimo,Sánchez,Hernández,018,019
813444801-4,Danna,Camila,Gómez,Sánchez,001,029
888045830-5,Tomás,,López,Hernández,010,024
912613361-6,Tomás,Mateo,Gómez,,026,015
862273793-8,Samuel,Samuel,Gómez,,003,010
821873699-7,Laura,,García,,029,010
897595163-4,Emiliano,Jerónimo,Pérez,,024,022
995212006-9,Gabriela,Camila,Martínez,López,014,028
900732748-2,Valentina,Emily,Gómez,Hernández,007,016
947275674-3,Isabella,Isabella,Rodríguez,,028,032
816327605-3,Santiago,,Ramírez,,007,009
915839300-8,Isabella,,Gómez,,014,020
911530895-6,Samuel,,López,,031,013
881018055-8,Luciana,,Martínez,,021,002
803454948-9,Valentina,,García,,028,014
832925911-8,Luciana,,González,,022,015
890369614-8,Juan,,Ramírez,,006,010
981036077-7,Juan,,Pérez,Pérez,010,005
874182813-2,Santiago,Nicolás,González,,008,007
863841552-8,Valentina,,González,Hernández,020,029
968909629-9,Valentina,Emily,Hernández,Martínez,010,002
989567004-2,Gabriela,María,Gómez,,031,001
833823786-5,Emiliano,Nicolás,Pérez,Rodríguez,027,014
873345415-8,Valentina,María,Pérez,,003,031
803119377-6,Danna,Laura,González,Martínez,020,031
951283983-4,Gabriela,Isabella,González,,018,010
904333323-1,Samuel,Sebastián,Gómez,Sánchez,025,007
839778677-8,Camila,,Gómez,,030,009
956413746-3,María,María,Pérez,,023,020
861285857-8,Tomás,,García,,003,021
867864829-9,Juan,,Sánchez,García,003,001
895330989-9,Samuel,,Rodríguez,García,030,004
979418788-7,Tomás,,García,García,017,020
976714523-7,Isabella,Laura,López,Sánchez,028,002
818288955-4,Juan,,Ramírez,González,008,020
947002595-1,Tomás,Mateo,González,,021,022
868159640-5,Mateo,Juan,González,,018,010
931338216-4,Samuel,Samuel,García,Sánchez,027,029
804750046-5,Mateo,Santiago,Hernández,,029,010
981951635-9,Camila,,Rodríguez,Hernández,017,004
811470101-1,Laura,Gabriela,Ramírez,,022,015
962585307-6,Emmanuel,,García,Rodríguez,005,028
829516402-2,Sebastián,Emiliano,Hernández,,003,032
935181899-1,Samuel,Nicolás,Pérez,,020,007
881172655-4,Nicolás,,Gómez,González,015,003
803510054-3,Mateo,Juan,Pérez,Hernández,018,024
940173560-1,María,Emily,Rodríguez,Gómez,009,025
829467597-4,Mateo,Sebastián,Rodríguez,,024,019
814140018-4,Jerónimo,Tomás,García,Pérez,012,020
948019514-4,Samuel,,Martínez,Hernández,026,007
802531862-3,Mateo,,García,,021,009
951407393-6,Emiliano,Emmanuel,García,Ramírez,031,008
962170772-5,Juan,Emmanuel,López,Rodríguez,012,013
861423413-1,María,,Gómez,González,010,023
854999723-3,María,,Hernández,López,020,024
877194663-1,Santiago,Nicolás,Hernández,Hernández,029,012
807639904-9,Jerónimo,,Sánchez,,010,019
986474942-3,Mateo,Nicolás,Pérez,Sánchez,026,016
878327587-9,Sebastián,,Hernández,,006,003
874902703-5,Sebastián,Samuel,Martínez,García,010,004
866129760-6,Emiliano,,Ramírez,Gómez,014,031
944201913-5,Emily,Laura,Sánchez,Pérez,029,016
953266423-8,Tomás,Santiago,González,Sánchez,007,022
902329681-4,Jerónimo,Tomás,García,,023,018
936759635-1,Emily,,López,Gómez,010,003
891015139-5,Camila,,Gómez,Hernández,009,022
882073135-8,Nicolás,Santiago,González,Martínez,011,018
920031250-8,Sara,,Gómez,Ramírez,026,028
916155050-1,Isabella,,Ramírez,,009,027
938868808-8,Danna,Danna,Sánchez,López,029,006
919391212-9,Laura,Danna,Ramírez,Rodríguez,024,008
977144094-6,Gabriela,Isabella,Rodríguez,Pérez,001,010
847225542-4,Sebastián,Jerónimo,Ramírez,González,018,003
832543230-9,Emily,Laura,Sánchez,,027,024
828549343-8,Sebastián,,Hernández,,018,025
908597823-9,Isabella,,Sánchez,,012,004
818990898-4,Jerónimo,Tomás,Ramírez,,025,030
824212153-6,Nicolás,Mateo,López,Ramírez,030,023
806493137-9,Danna,,Hernández,González,011,026
867765103-2,Juan,,Rodríguez,,017,029
882966761-3,Samuel,Nicolás,Rodríguez,Sánchez,030,013
884463982-8,María,Laura,Hernández,López,008,007
931267455-8,María,Isabella,González,,003,006
899438431-5,Emiliano,Santiago,López,López,026,009
994572767-4,Santiago,,López,Ramírez,006,023
831078175-8,Sara,Isabella,Rodríguez,García,012,004
801231619-8,Emiliano,,Ramírez,,031,006
998861822-4,Juan,Mateo,Ramírez,Pérez,016,025
855035313-2,Jerónimo,Nicolás,González,Gómez,022,031
984039345-7,Juan,Samuel,Gómez,López,013,022
960650249-6,Samuel,Samuel,García,,011,026
866344641-1,Nicolás,Juan,Hernández,Ramírez,030,014
928598292-7,Danna,Laura,Hernández,,019,001
981166162-4,Tomás,Nicolás,Hernández,García,029,031
827878523-7,Samuel,,Gómez,,006,009
929256171-1,Emmanuel,Santiago,Ramírez,,002,010
841402530-7,Tomás,Santiago,Rodríguez,Hernández,015,013
926940274-9,Sara,Danna,Gómez,López,011,013
857194560-3,Santiago,,Rodríguez,,002,021
829647311-2,Isabella,Luciana,Martínez,,029,017
843464526-3,Danna,Danna,Sánchez,González,011,007
908628022-3,Nicolás,,González,,003,027
912726590-5,Isabella,Isabella,González,,026,009
933584647-6,Gabriela,,González,Martínez,024,023
879933795-4,Nicolás,Nicolás,Sánchez,,004,008
918384176-4,Gabriela,Laura,Ramírez,,029,010
862793473-1,Tomás,,Rodríguez,Pérez,030,019
935104762-1,Nicolás,,González,,025,022
882034662-1,Samuel,,González,Pérez,027,012
948483338-1,Laura,Camila,Gómez,López,022,001
829148131-9,Emmanuel,Sebastián,Hernández,López,006,020
892824637-6,Emiliano,,García,García,011,005
984304125-2,Sebastián,,González,Sánchez,003,026
888109146-7,Tomás,Mateo,Sánchez,,002,004
822491086-3,Camila,,González,Rodríguez,024,006
965079628-9,Sebastián,Nicolás,Gómez,,030,011
881598694-8,Santiago,Juan,Hernández,,015,022
859626210-2,Valentina,,Hernández,,002,022
877645024-3,Luciana,Gabriela,Ramírez,Ramírez,031,014
929409178-4,Emily,María,García,Martínez,024,032
900339771-7,Laura,Danna,Sánchez,Gómez,019,020
898696011-9,Mateo,Nicolás,Martínez,Gómez,004,025
828222168-6,Sara,,Hernández,González,015,009
908310906-1,Laura,Danna,Gómez,Martínez,024,019
924059588-4,Emmanuel,Santiago,García,,026,020
862908783-2,María,,Sánchez,,012,007
815889319-2,Sara,Laura,Pérez,Martínez,022,019
881666065-1,Sara,,Rodríguez,,007,007
916003907-3,Camila,,Rodríguez,,013,029
821358866-7,Camila,Luciana,González,,018,004
859322612-7,Juan,,Gómez,,028,022
820002013-4,Gabriela,Luciana,Hernández,,020,012
883056538-4,Camila,Emily,González,Sánchez,029,013
890310342-5,Nicolás,Sebastián,Hernández,López,021,001
906471293-3,Tomás,Mateo,González,,016,008
834861544-1,Santiago,Samuel,Martínez,,025,027
968065926-2,Emily,Camila,Rodríguez,González,031,023
846038944-2,Santiago,,Ramírez,García,017,018
882400194-2,Samuel,,Gómez,González,029,025
998862639-3,Gabriela,Luciana,Hernández,,024,007
849948863-3,Nicolás,Juan,López,,018,002
922722120-2,Emmanuel,Juan,Martínez,Gómez,027,026
959920272-4,Mateo,Santiago,Martínez,,016,032
814923744-8,Santiago,Nicolás,Hernández,,018,025
967296069-9,Camila,Sara,Martínez,Sánchez,028,010
991466773-4,Juan,Juan,Martínez,Sánchez,003,030
933865823-9,Juan,Juan,López,González,007,030
990198483-6,Jerónimo,Santiago,Gómez,Ramírez,003,008
881429648-2,Emily,Camila,López,López,003,006
950278138-6,Camila,,Ramírez,,027,007
906398795-9,Emiliano,,Gómez,González,026,020
973667488-2,Samuel,Emiliano,Sánchez,Gómez,030,009
918106615-7,Jerónimo,,Rodríguez,Hernández,031,006
920466241-3,Juan,Mateo,Sánchez,Hernández,028,023
864027437-3,Sara,,Martínez,Rodríguez,025,009
985578509-7,Laura,,Gómez,García,015,004
819675873-9,Danna,Gabriela,Pérez,Ramírez,003,021
956761747-8,Danna,Isabella,Rodríguez,Sánchez,017,014
988028365-9,Laura,Danna,Pérez,Ramírez,022,030
812048228-9,Danna,Luciana,Hernández,López,025,022
833418702-8,Valentina,Camila,Gómez,Hernández,017,006
893626636-3,Laura,Camila,Hernández,,021,028
962078874-1,Laura,,Rodríguez,,011,010
906089171-7,Gabriela,Danna,González,,013,027
837082382-7,Emmanuel,,García,Gómez,013,007
974891050-5,Mateo,,González,,025,022
899781041-9,Juan,Tomás,Rodríguez,,031,009
851284500-9,Santiago,,Gómez,,001,006
946094603-8,Emiliano,,Gómez,Sánchez,032,002
871286777-6,Jerónimo,,García,Hernández,020,014
858079794-2,Sebastián,Sebastián,Sánchez,Martínez,031,014
987089943-4,Sara,,García,García,024,010
952769275-9,Jerónimo,Samuel,Sánchez,Hernández,005,017
869310497-6,Tomás,Jerónimo,Ramírez,,007,024
869121347-5,Emily,Camila,Martínez,,008,002
808196236-2,Jerónimo,Juan,Sánchez,González,014,002
916761594-1,Jerónimo,,Gómez,Gómez,027,002
825015064-1,Jerónimo,,Martínez,López,001,018
967165244-9,Laura,,Gómez,Sánchez,023,005
804959508-4,Camila,,González,García,014,008
851640882-2,Santiago,,Gómez,López,001,009
909236029-6,Emily,Gabriela,Hernández,,004,027
872039938-6,Sara,,Ramírez,López,016,015
821557392-2,Danna,,Gómez,Sánchez,007,015
996734927-3,Emily,,Sánchez,González,026,018
922931926-2,Emiliano,,Martínez,Ramírez,012,015
821688976-2,Juan,Santiago,García,,003,007
844898068-4,Gabriela,Camila,Ramírez,,010,002
978840553-9,Camila,,Sánchez,,015,012
942856025-1,Gabriela,,Gómez,,009,014
952192086-4,Valentina,Emily,Martínez,,009,005
975946795-9,Nicolás,,Sánchez,,009,018
834870227-1,Sebastián,Emmanuel,Hernández,,016,021
987152077-1,Emmanuel,Emiliano,García,Ramírez,007,019
825405690-8,Laura,,Pérez,,015,026
937765231-7,Valentina,Camila,González,,018,029
875415741-8,Juan,,Pérez,Hernández,022,003
979576479-7,Tomás,Jerónimo,López,Sánchez,001,031
895626913-8,Santiago,Santiago,Gómez,,007,032
913752294-5,Laura,,López,Martínez,024,026
802123765-1,Emiliano,Mateo,Martínez,Pérez,024,025
811731542-1,María,,González,González,018,024
999536404-8,Emiliano,,Hernández,Ramírez,009,020
974359563-7,Danna,Laura,Gómez,Ramírez,024,008
821638715-1,Juan,,González,,025,022
933729934-4,Sebastián,Tomás,Rodríguez,,021,001
996753817-8,Valentina,,Sánchez,,029,030
853468501-9,Sara,Laura,Gómez,,012,015
881578186-9,Luciana,Isabella,Gómez,Ramírez,030,018
958846546-5,Juan,Tomás,González,López,013,031
939913247-3,Sara,,González,,013,006
939417434-6,Mateo,Emmanuel,Ramírez,Rodríguez,029,032
831754536-7,Camila,Sara,Gómez,,003,002
977111655-9,Emiliano,Sebastián,González,,012,020
866086638-3,Luciana,Gabriela,Hernández,Gómez,029,011
800367052-6,Valentina,Emily,Rodríguez,Rodríguez,028,021
950033735-7,Emily,Valentina,Ramírez,,031,005
895611598-6,Isabella,Camila,Pérez,González,005,032
854851306-4,Samuel,,Hernández,,017,015
988776956-3,Emmanuel,Mateo,Martínez,López,002,020
860846233-2,Emiliano,Jerónimo,López,,013,010
994981121-8,Sebastián,Tomás,García,,030,018
881437171-9,Laura,Isabella,Rodríguez,López,008,010
925115871-1,Santiago,,García,Rodríguez,030,029
969772148-2,Valentina,Sara,Sánchez,,003,007
828002016-8,Camila,Luciana,Ramírez,,007,026
923586873-1,Luciana,,Ramírez,,002,004
867085245-5,Tomás,Juan,López,Gómez,015,011
828266429-8,Luciana,Gabriela,González,Hernández,027,008
860209384-9,Isabella,Danna,López,,030,003
820879293-5,Jerónimo,Samuel,Sánchez,,021,017
901798812-1,Isabella,Camila,López,García,021,031
862653322-8,Nicolás,,Martínez,,029,027
859901784-5,Jerónimo,Jerónimo,López,,012,006
888141388-2,Juan,,Ramírez,Gómez,026,010
831197300-5,Jerónimo,,García,,005,009
840529770-9,Jerónimo,Samuel,Rodríguez,,019,018
827150085-4,Mateo,Emmanuel,Sánchez,González,031,029
863475428-4,Sara,Laura,González,García,018,024
955355594-4,Sara,,Martínez,García,030,020
929354848-4,Emmanuel,Nicolás,Hernández,,015,002
929505353-5,Jerónimo,,González,Martínez,022,012
965260617-9,Jerónimo,,Hernández,Gómez,007,018
957465825-3,Camila,,Pérez,,006,026
978083610-8,Camila,,Gómez,,003,021
919013233-5,Emily,,Ramírez,,009,015
828538581-9,Samuel,Juan,Rodríguez,Sánchez,030,028
914033320-9,Camila,Luciana,Gómez,,018,006
857555094-7,Nicolás,Sebastián,García,,009,006
800807457-5,Valentina,Laura,González,López,005,016
922387509-5,Santiago,Tomás,Sánchez,Rodríguez,029,023
827252765-5,Santiago,Mateo,Ramírez,Hernández,030,026
974469781-9,Danna,,Hernández,Sánchez,030,021
997203705-4,Emmanuel,,Ramírez,,029,030
863661399-4,Samuel,Nicolás,Hernández,Hernández,003,023
950277371-9,Nicolás,Mateo,Rodríguez,,024,012
938541605-6,Gabriela,,Gómez,Martínez,014,004
899356718-1,Samuel,,Pérez,Rodríguez,029,005
840903845-5,Mateo,Emmanuel,González,,021,008
910701276-1,Emily,Isabella,Rodríguez,,018,022
842809553-5,Gabriela,,Ramírez,Martínez,023,014
888530983-4,Emmanuel,Mateo,Martínez,Gómez,008,008
817704544-2,Camila,,Sánchez,López,001,032
842053684-5,Isabella,Valentina,Pérez,González,030,011
952939021-1,Mateo,,Pérez,Hernández,031,003
919944542-1,Emmanuel,Nicolás,Sánchez,,009,031
842115753-4,Tomás,Samuel,Pérez,,019,027
976369992-4,María,Gabriela,Martínez,,012,002
814305705-1,Sara,Danna,González,Ramírez,008,011
920761769-4,Isabella,Danna,Pérez,,014,014
817277191-4,Emmanuel,,Martínez,Sánchez,023,029
913503419-6,Isabella,Luciana,Ramírez,Gómez,012,024
896760100-8,Sebastián,Juan,González,Rodríguez,027,031
878043479-8,Emmanuel,,Ramírez,Gómez,028,021
921415732-7,Emiliano,,González,Rodríguez,013,029
906482676-2,Nicolás,Jerónimo,Gómez,,013,020
939848443-1,Mateo,,Sánchez,,027,013
853990780-4,Emiliano,Samuel,Rodríguez,Hernández,018,028
969551792-8,Gabriela,,Sánchez,,031,028
915461462-1,Emmanuel,Samuel,Sánchez,,016,032
846249696-7,Jerónimo,,Hernández,,023,011
831260071-1,Luciana,,López,Hernández,024,029
972799212-2,Mateo,,Ramírez,,006,010
955654130-8,Emiliano,Sebastián,Rodríguez,,020,022
841688481-4,Sara,,Pérez,Ramírez,003,019
809260561-3,Juan,Samuel,Sánchez,Gómez,023,014
925481860-8,Valentina,Laura,Hernández,Hernández,010,024
862784752-9,Valentina,Gabriela,Hernández,González,013,032
991790487-6,Tomás,Sebastián,López,,026,030
984268136-5,Emily,Sara,Sánchez,González,017,029
939356323-5,Sebastián,,Pérez,Hernández,019,010
883308488-3,Sara,,Gómez,González,003,005
974335908-2,Gabriela,Camila,Rodríguez,,022,008
991219623-1,Tomás,Emiliano,Pérez,Hernández,023,016
896671511-7,Camila,Gabriela,González,López,024,024
833786487-3,María,Laura,Rodríguez,Ramírez,016,013
960561085-4,Santiago,,García,López,025,025
914870685-2,Jerónimo,Juan,Sánchez,,030,029
919982909-5,Gabriela,,López,,030,015
896668645-7,Luciana,,García,,006,027
981131681-8,Juan,Juan,López,López,027,007
922227412-9,Emily,Danna,García,López,025,023
903995266-7,Jerónimo,Santiago,Rodríguez,González,026,009
852176227-8,Samuel,Mateo,Pérez,García,020,023
942562881-6,Tomás,Santiago,López,González,012,018
803114994-8,Camila,Isabella,Rodríguez,,017,009
913365400-4,Samuel,,Pérez,Gómez,029,006
808324494-2,María,,Hernández,Hernández,011,003
979781967-6,Camila,,López,Gómez,024,031
902268752-9,Tomás,Juan,García,Rodríguez,009,002
895302808-2,Emmanuel,Emiliano,González,,015,023
884911592-9,Emiliano,Mateo,Pérez,,015,023
806657515-3,Camila,,Pérez,Hernández,019,010
921696211-8,Luciana,,Pérez,,028,021
901167827-5,Laura,,Rodríguez,Pérez,010,022
931288844-7,Nicolás,Emiliano,López,,021,012
812296543-3,Emiliano,,García,Gómez,014,017
846567528-8,Jerónimo,,Gómez,,017,018
923223913-5,Emily,Gabriela,López,,009,003
989539555-5,Isabella,Valentina,Rodríguez,Pérez,015,008
949758112-5,Jerónimo,,Hernández,,018,001
818039217-3,Sebastián,Emiliano,Hernández,Ramírez,025,026
976514761-1,Isabella,Luciana,Sánchez,Pérez,018,030
933564390-8,Gabriela,Luciana,González,,024,030
867785261-8,Emmanuel,,González,Martínez,009,008
808384182-1,Jerónimo,,Rodríguez,Hernández,015,029
940746828-8,Luciana,Gabriela,Rodríguez,Sánchez,007,003
925743940-6,Tomás,Samuel,Sánchez,Pérez,014,001
860720934-3,Santiago,Mateo,López,,024,013
830134575-7,Danna,,Ramírez,López,020,012
856420752-2,Jerónimo,,García,Ramírez,028,012
909138566-9,Mateo,Santiago,González,González,007,010
842994284-4,María,Isabella,García,,025,026
983308280-8,Samuel,Jerónimo,García,Ramírez,030,003
959648980-3,Valentina,Isabella,González,,004,004
829217733-7,Tomás,Juan,Hernández,,025,027
926398944-3,Juan,Samuel,Martínez,,027,010
839834643-5,Sara,,López,García,005,029
870454514-9,Santiago,Emiliano,Sánchez,García,004,001
801794770-3,Sara,Isabella,López,,008,015
874424662-5,Luciana,Camila,Gómez,Sánchez,022,018
878475282-7,Santiago,,Sánchez,García,029,012
984660740-3,Tomás,Santiago,López,,018,030
985773317-5,Valentina,,Hernández,,014,010
811764275-7,Jerónimo,Emmanuel,González,Pérez,024,009
853818568-4,María,Luciana,Pérez,Hernández,009,011
827366065-4,Tomás,Mateo,Ramírez,Ramírez,018,015
802881272-3,Emiliano,Samuel,Martínez,López,014,019
987417899-2,Camila,Danna,Gómez,,002,031
836447491-9,Emily,,Rodríguez,López,031,019
982964696-3,Danna,María,López,García,013,006
922481489-3,Laura,,Sánchez,Sánchez,012,029
978422905-9,Valentina,,López,Rodríguez,012,005
918926312-7,Danna,,González,Gómez,027,004
963399167-7,Tomás,Mateo,García,,015,028
814597968-9,Emily,Emily,Hernández,,002,002
918538557-6,Isabella,,Rodríguez,González,001,026
933012690-6,Nicolás,Tomás,Pérez,,030,003
891449937-3,María,María,Rodríguez,González,016,032
982959518-1,Santiago,,Ramírez,,030,028
807316294-8,Mateo,,Hernández,,014,008
954144516-3,Danna,,Sánchez,Gómez,027,030
868870245-7,Emiliano,,González,Ramírez,011,018
886076654-3,Sara,,Hernández,Hernández,012,004
844358832-4,Isabella,Isabella,López,Rodríguez,019,010
942267653-3,María,,Sánchez,Pérez,030,012
808285438-7,María,Emily,Ramírez,Martínez,023,011
948057628-4,Nicolás,Tomás,González,Gómez,022,006
801411887-4,Santiago,Sebastián,Martínez,,007,002
969548395-3,Sara,Emily,Hernández,Rodríguez,011,029
963004231-5,María,Gabriela,Hernández,Pérez,018,010
873579101-7,Emmanuel,Jerónimo,Pérez,,002,011
988805322-6,Valentina,Luciana,González,,006,031
845403423-8,Camila,Valentina,González,Ramírez,004,003
862371205-6,María,Laura,Hernández,Sánchez,019,020
993013055-5,Valentina,,Pérez,Ramírez,006,020
804081341-6,Tomás,Mateo,Gómez,Gómez,004,029
834850496-2,Sebastián,,García,Ramírez,011,027
859066811-7,Emmanuel,Mateo,Hernández,González,026,018
903247624-9,Nicolás,Jerónimo,Sánchez,López,027,006
921716037-1,Danna,,García,Martínez,032,007
878860726-2,Mateo,Juan,Sánchez,,018,023
802872198-8,Gabriela,,López,,029,007
931150588-1,Isabella,Laura,López,Martínez,020,011
862735307-5,María,Emily,Gómez,,027,014
819034891-7,María,,Ramírez,Hernández,007,018
830363652-6,María,,Rodríguez,González,032,003
831552817-6,Tomás,Juan,Ramírez,García,003,015
908259101-8,Samuel,,Ramírez,,015,026
983437110-7,Laura,Isabella,García,Hernández,028,001
836524831-2,María,Isabella,Pérez,,014,020
812189490-8,Santiago,Juan,Hernández,,029,019
826703854-3,Samuel,Mateo,Ramírez,Sánchez,027,026
953895905-9,Samuel,Emiliano,Pérez,Ramírez,006,013
990256360-6,Sara,Sara,Rodríguez,,031,014
839007964-1,Nicolás,Jerónimo,Rodríguez,García,010,007
