staff_id,fist_name,middle_name,last_name_1,last_name_2,phone_number,email,salary,tipe_worked
1,Daniela,,Rodríguez,,325596387,daniela.rodríguez21@hotmail.com,900000,administrador
2,Juan,,García,Ramírez,314185666,juan.garcía69@outlook.com,900000,empleado
3,Valentina,,Hernández,Gómez,307086180,valentina.hernández95@outlook.com,3000000,empleado
4,Paula,,López,Pérez,307828933,paula.lópez81@hotmail.com,1000000,administrador
5,Javier,Carlos,Rodríguez,,308395580,javier.rodríguez49@gmail.com,1500000,administrador
6,Sara,Paula,Pérez,Hernández,307491319,sara.pérez40@gmail.com,1500000,empleado
7,Daniela,Javier,García,,304291420,daniela.garcía47@outlook.com,1200000,empleado
8,Andrea,Felipe,Torres,Ramírez,318640912,andrea.torres57@gmail.com,1800000,empleado
9,Santiago,María,Martínez,Martínez,306691465,santiago.martínez83@hotmail.com,3000000,empleado
10,Juliana,Sara,López,,314872984,juliana.lópez53@outlook.com,2000000,administrador
11,Paula,,Martínez,,313027840,paula.martínez44@hotmail.com,1200000,administrador
12,Valentina,,Torres,,316917537,valentina.torres34@gmail.com,1200000,administrador
13,Daniela,,Hernández,,314397548,daniela.hernández32@outlook.com,1500000,administrador
14,Camilo,Javier,Hernández,Pérez,315451689,camilo.hernández32@outlook.com,2000000,empleado
15,Diego,,Pérez,,323736550,diego.pérez80@outlook.com,3000000,empleado
16,Felipe,,Martínez,Ramírez,324160707,felipe.martínez57@hotmail.com,3000000,administrador
17,Andrea,,Ramírez,Sánchez,315885360,andrea.ramírez60@hotmail.com,1000000,administrador
18,Camilo,Andrea,Pérez,,325426248,camilo.pérez33@hotmail.com,1800000,empleado
19,Laura,,García,Torres,312957034,laura.garcía94@outlook.com,3000000,empleado
20,Valentina,Carlos,Hernández,,313921894,valentina.hernández55@gmail.com,2000000,administrador
21,Juliana,Javier,Rodríguez,Ramírez,324984224,juliana.rodríguez48@outlook.com,800000,administrador
22,Felipe,Andrea,Torres,,304401065,felipe.torres44@hotmail.com,1000000,administrador
23,Camila,Laura,García,Ramírez,326944220,camila.garcía99@gmail.com,1200000,administrador
24,Andrés,,Rodríguez,Ramírez,313989113,andrés.rodríguez13@outlook.com,1000000,administrador
25,Juan,,Pérez,Hernández,328485901,juan.pérez31@gmail.com,2000000,administrador
26,Javier,Daniela,García,Rodríguez,303334734,javier.garcía37@hotmail.com,1800000,empleado
27,Natalia,,Pérez,Sánchez,322159443,natalia.pérez59@hotmail.com,900000,empleado
28,Andrés,,Hernández,Hernández,312857844,andrés.hernández75@gmail.com,800000,empleado
29,Valentina,Natalia,Martínez,Rodríguez,314358904,valentina.martínez2@hotmail.com,1500000,administrador
30,Diego,,Gómez,,327256780,diego.gómez25@outlook.com,800000,administrador
31,Luis,,Torres,,318017758,luis.torres60@gmail.com,2500000,administrador
32,Luis,,Torres,García,329343730,luis.torres50@outlook.com,800000,empleado
33,Santiago,Laura,García,,306112505,santiago.garcía53@gmail.com,1000000,administrador
34,Camila,,García,Ramírez,324100052,camila.garcía62@outlook.com,1500000,empleado
35,Santiago,,López,,306316650,santiago.lópez49@gmail.com,800000,administrador
36,Mateo,,Martínez,,328997623,mateo.martínez63@outlook.com,1200000,administrador
37,Javier,,Ramírez,Gómez,319780340,javier.ramírez14@gmail.com,900000,administrador
38,Andrea,,Pérez,,312757938,andrea.pérez44@hotmail.com,900000,administrador
39,Diego,Andrea,Pérez,García,314021651,diego.pérez95@hotmail.com,900000,administrador
40,Juan,,Pérez,Torres,312908781,juan.pérez97@gmail.com,1200000,empleado
41,María,Daniela,Pérez,García,323839483,maría.pérez50@outlook.com,1800000,administrador
42,Laura,Carlos,Martínez,García,307980192,laura.martínez11@gmail.com,800000,administrador
43,Paula,Laura,Torres,Sánchez,312872148,paula.torres13@hotmail.com,3000000,empleado
44,Daniela,,Rodríguez,Martínez,324031596,daniela.rodríguez5@gmail.com,2000000,empleado
45,Natalia,Diego,Martínez,,301540821,natalia.martínez8@outlook.com,900000,empleado
46,Camilo,,Gómez,,321062749,camilo.gómez2@gmail.com,1800000,administrador
47,Juliana,,Rodríguez,,317926895,juliana.rodríguez70@hotmail.com,1000000,empleado
48,Valentina,Daniela,Rodríguez,,306021621,valentina.rodríguez16@outlook.com,1800000,empleado
49,Camilo,,García,,327214798,camilo.garcía12@hotmail.com,2000000,administrador
50,Camila,,Ramírez,,304993125,camila.ramírez58@gmail.com,900000,administrador
51,Juan,Luis,Torres,García,304245852,juan.torres97@gmail.com,3000000,administrador
52,Natalia,Juan,Torres,,318187443,natalia.torres76@outlook.com,1800000,administrador
53,Laura,,López,,308903795,laura.lópez69@gmail.com,1000000,empleado
54,Paula,,Hernández,Ramírez,321900550,paula.hernández28@gmail.com,3000000,administrador
55,Daniela,Natalia,Sánchez,,302261658,daniela.sánchez51@gmail.com,1500000,empleado
56,Mateo,Camila,Martínez,,309021709,mateo.martínez49@hotmail.com,3000000,administrador
57,Juan,Camila,Sánchez,Pérez,315839213,juan.sánchez16@outlook.com,3000000,empleado
58,Juliana,,Gómez,,306776057,juliana.gómez11@outlook.com,1800000,administrador
59,Andrés,,Martínez,Martínez,327004607,andrés.martínez45@hotmail.com,2500000,empleado
60,Luis,Javier,Rodríguez,,307989893,luis.rodríguez2@outlook.com,2000000,empleado
61,Diego,,Pérez,,323678286,diego.pérez73@gmail.com,2500000,empleado
62,Carlos,Luis,Sánchez,Hernández,328499685,carlos.sánchez4@gmail.com,1200000,empleado
63,Daniela,,García,,322751408,daniela.garcía43@hotmail.com,1800000,empleado
64,María,,Pérez,,324799110,maría.pérez2@gmail.com,1800000,administrador
65,Natalia,Camilo,Ramírez,,325489521,natalia.ramírez7@gmail.com,3000000,administrador
66,Camila,,Pérez,,308307970,camila.pérez44@gmail.com,800000,empleado
67,María,Daniela,Gómez,Gómez,328160225,maría.gómez30@hotmail.com,1000000,empleado
68,Andrea,,Rodríguez,,318018058,andrea.rodríguez46@outlook.com,1200000,empleado
69,Javier,Juliana,Pérez,,305379441,javier.pérez75@hotmail.com,1000000,administrador
70,Sara,Paula,Pérez,,305338352,sara.pérez84@gmail.com,1800000,empleado
71,Valentina,Felipe,Rodríguez,García,317225224,valentina.rodríguez13@outlook.com,3000000,administrador
72,Mateo,Santiago,Rodríguez,Pérez,321889932,mateo.rodríguez82@hotmail.com,3000000,empleado
73,Andrés,,Rodríguez,,329564370,andrés.rodríguez25@outlook.com,900000,empleado
74,Diego,,Ramírez,,323721039,diego.ramírez36@hotmail.com,3000000,empleado
75,Javier,Valentina,Rodríguez,,314500114,javier.rodríguez94@gmail.com,2500000,empleado
76,Luis,,Hernández,Martínez,322830277,luis.hernández89@outlook.com,1500000,empleado
77,Juliana,,Hernández,,307630979,juliana.hernández53@outlook.com,1000000,empleado
78,Paula,Valentina,López,,313124029,paula.lópez97@outlook.com,1500000,administrador
79,Natalia,Santiago,Hernández,Pérez,308261884,natalia.hernández19@gmail.com,2000000,empleado
80,Carlos,,García,Pérez,301473450,carlos.garcía90@hotmail.com,900000,empleado
81,María,,Gómez,,318518505,maría.gómez42@hotmail.com,1800000,administrador
82,Luis,,Hernández,Pérez,327515690,luis.hernández70@hotmail.com,1200000,administrador
83,Camilo,Andrés,Gómez,Torres,318306521,camilo.gómez38@outlook.com,3000000,administrador
84,Carlos,Sara,López,Sánchez,319856826,carlos.lópez64@gmail.com,1000000,empleado
85,Valentina,,Pérez,Sánchez,316623159,valentina.pérez60@hotmail.com,800000,empleado
86,Valentina,,Torres,,312508752,valentina.torres37@hotmail.com,1800000,empleado
87,Diego,Felipe,López,,308168068,diego.lópez91@outlook.com,2500000,administrador
88,María,,Rodríguez,,307117985,maría.rodríguez99@hotmail.com,2000000,administrador
89,Santiago,Andrés,Martínez,López,323574722,santiago.martínez90@gmail.com,800000,administrador
90,Laura,Laura,Gómez,,306492638,laura.gómez42@hotmail.com,2500000,empleado
91,Laura,Laura,López,,318552506,laura.lópez10@outlook.com,1200000,empleado
92,Laura,,Rodríguez,,321940006,laura.rodríguez27@hotmail.com,2500000,administrador
93,Paula,,García,,303944720,paula.garcía92@gmail.com,1800000,administrador
94,Mateo,,Pérez,,312537462,mateo.pérez89@gmail.com,800000,empleado
95,Laura,,López,,319518523,laura.lópez93@hotmail.com,3000000,administrador
96,Camila,Andrea,Gómez,,326458565,camila.gómez49@hotmail.com,2000000,administrador
97,Paula,Andrés,López,García,301410137,paula.lópez85@hotmail.com,900000,empleado
98,Valentina,,Gómez,,312942112,valentina.gómez85@outlook.com,1500000,administrador
99,Javier,Valentina,Gómez,,326064407,javier.gómez1@outlook.com,800000,empleado
100,Andrea,,Torres,,325634951,andrea.torres75@hotmail.com,3000000,empleado
101,Natalia,Andrés,Ramírez,,315898408,natalia.ramírez1@outlook.com,2000000,empleado
102,Daniela,,López,,316028298,daniela.lópez22@hotmail.com,1500000,administrador
103,Mateo,,García,Hernández,324029927,mateo.garcía58@outlook.com,1800000,administrador
104,Santiago,,Martínez,,314047508,santiago.martínez97@hotmail.com,1000000,administrador
105,Mateo,,Ramírez,,306176458,mateo.ramírez27@hotmail.com,1500000,empleado
106,Felipe,,Gómez,,302048829,felipe.gómez41@outlook.com,2500000,empleado
107,Santiago,,Martínez,,327782693,santiago.martínez97@gmail.com,1500000,administrador
108,Andrés,Camila,Gómez,,318354698,andrés.gómez66@outlook.com,2500000,administrador
109,Paula,Sara,Rodríguez,Sánchez,318738903,paula.rodríguez46@outlook.com,1200000,administrador
110,Luis,Camila,Pérez,,326938729,luis.pérez19@gmail.com,3000000,empleado
111,Valentina,,Pérez,,306642380,valentina.pérez63@hotmail.com,1500000,empleado
112,Camilo,,Torres,Torres,321777011,camilo.torres2@gmail.com,1800000,administrador
113,Camila,Paula,Hernández,,319523713,camila.hernández73@outlook.com,3000000,administrador
114,Diego,,Hernández,Ramírez,304475199,diego.hernández49@outlook.com,1200000,empleado
115,Juan,,Rodríguez,,319913183,juan.rodríguez74@gmail.com,1800000,administrador
116,Diego,,Sánchez,García,318440557,diego.sánchez38@gmail.com,1000000,empleado
117,Diego,,Sánchez,Sánchez,319593695,diego.sánchez86@gmail.com,3000000,empleado
118,Andrea,,Rodríguez,,325767751,andrea.rodríguez3@gmail.com,2500000,empleado
119,Javier,Andrea,Rodríguez,,305436449,javier.rodríguez23@outlook.com,3000000,empleado
120,María,,García,,304969975,maría.garcía16@outlook.com,1500000,administrador
121,Luis,,Sánchez,,304290354,luis.sánchez98@hotmail.com,2000000,empleado
122,Natalia,,Sánchez,,317893805,natalia.sánchez17@outlook.com,2000000,administrador
123,Laura,,Gómez,,315823880,laura.gómez17@gmail.com,1200000,empleado
124,Mateo,,Pérez,Ramírez,319316874,mateo.pérez44@gmail.com,2500000,empleado
125,Diego,Sara,Gómez,Sánchez,327779097,diego.gómez83@outlook.com,1500000,empleado
126,Juliana,,Hernández,,308572907,juliana.hernández92@hotmail.com,800000,administrador
127,Luis,Sara,Rodríguez,Rodríguez,311191607,luis.rodríguez14@hotmail.com,2500000,administrador
128,Juan,Felipe,Rodríguez,,312295858,juan.rodríguez75@outlook.com,1800000,administrador
129,María,,Gómez,,329619352,maría.gómez34@outlook.com,2500000,empleado
130,Camilo,,Sánchez,,314110766,camilo.sánchez45@outlook.com,2000000,administrador
131,Natalia,,Pérez,Hernández,323152255,natalia.pérez50@outlook.com,2500000,administrador
132,Juan,,Sánchez,,325519430,juan.sánchez58@hotmail.com,1000000,administrador
133,Laura,,López,García,324559140,laura.lópez97@hotmail.com,2000000,empleado
134,Santiago,,Rodríguez,López,301056692,santiago.rodríguez37@gmail.com,1200000,empleado
135,Andrés,Felipe,Ramírez,Rodríguez,313071894,andrés.ramírez55@hotmail.com,900000,empleado
136,Camila,Paula,Hernández,,319297538,camila.hernández57@gmail.com,1000000,administrador
137,Andrés,,Hernández,López,301135451,andrés.hernández54@outlook.com,800000,empleado
138,Sara,,Pérez,,324072026,sara.pérez27@outlook.com,2500000,empleado
139,Daniela,Andrés,Pérez,Torres,321257929,daniela.pérez70@hotmail.com,1200000,administrador
140,Andrea,,Hernández,Pérez,303911584,andrea.hernández19@outlook.com,1200000,empleado
141,Javier,,Sánchez,Torres,327166209,javier.sánchez65@gmail.com,2000000,empleado
142,Mateo,,Gómez,,309704633,mateo.gómez78@gmail.com,900000,administrador
143,Javier,,Rodríguez,,313564925,javier.rodríguez37@hotmail.com,1000000,empleado
144,Valentina,Santiago,Sánchez,,319499525,valentina.sánchez62@gmail.com,800000,administrador
145,Javier,Juan,García,Ramírez,303534502,javier.garcía60@gmail.com,3000000,empleado
146,Sara,,Martínez,Hernández,302387526,sara.martínez62@outlook.com,1800000,empleado
147,Camila,Santiago,García,,324689757,camila.garcía24@outlook.com,2000000,administrador
148,Felipe,Sara,Sánchez,,319869627,felipe.sánchez1@gmail.com,800000,administrador
149,Laura,Natalia,Sánchez,Ramírez,326063357,laura.sánchez99@outlook.com,1500000,empleado
150,Natalia,Daniela,Martínez,,318312638,natalia.martínez29@gmail.com,3000000,administrador
151,Andrea,María,Martínez,López,301738886,andrea.martínez24@hotmail.com,2500000,empleado
152,Luis,,López,Hernández,329960553,luis.lópez32@outlook.com,800000,administrador
153,Felipe,,Ramírez,López,302050603,felipe.ramírez46@gmail.com,900000,empleado
154,Javier,,Torres,Torres,313193391,javier.torres81@gmail.com,1200000,empleado
155,Paula,Santiago,Sánchez,Rodríguez,313702488,paula.sánchez94@outlook.com,2500000,empleado
156,Camila,Santiago,Gómez,Sánchez,315470010,camila.gómez26@hotmail.com,1500000,administrador
157,Andrés,,García,Torres,304142139,andrés.garcía55@outlook.com,3000000,empleado
158,Carlos,,Sánchez,,313322827,carlos.sánchez79@gmail.com,2000000,empleado
159,Daniela,,Torres,Rodríguez,318568573,daniela.torres92@hotmail.com,1500000,administrador
160,Carlos,Mateo,Torres,Sánchez,313508393,carlos.torres92@gmail.com,2500000,administrador
161,Juan,,Ramírez,,325645646,juan.ramírez24@hotmail.com,3000000,administrador
162,Juliana,Camilo,Ramírez,López,328444555,juliana.ramírez8@outlook.com,800000,empleado
163,Mateo,,Martínez,,321235236,mateo.martínez52@hotmail.com,1000000,administrador
164,Valentina,Camilo,Pérez,,303429877,valentina.pérez80@outlook.com,1500000,empleado
165,Natalia,Sara,Sánchez,,319566074,natalia.sánchez25@gmail.com,1500000,empleado
166,Felipe,Luis,Sánchez,,321490072,felipe.sánchez56@gmail.com,900000,empleado
167,Natalia,,Martínez,,323098364,natalia.martínez77@gmail.com,3000000,administrador
168,Camila,,Martínez,Gómez,303234715,camila.martínez39@outlook.com,900000,empleado
169,Juliana,Sara,García,Torres,304129511,juliana.garcía90@gmail.com,1000000,administrador
170,Diego,Andrea,Rodríguez,,328852876,diego.rodríguez4@outlook.com,800000,empleado
171,Santiago,Carlos,Pérez,Torres,318724444,santiago.pérez79@gmail.com,2000000,empleado
172,Santiago,,García,,318094942,santiago.garcía87@outlook.com,800000,empleado
173,Natalia,Laura,Pérez,,326618634,natalia.pérez91@gmail.com,900000,empleado
174,Luis,Andrea,Gómez,,301153647,luis.gómez68@gmail.com,800000,administrador
175,Juliana,,Hernández,García,308969651,juliana.hernández29@gmail.com,3000000,administrador
176,Camilo,Juan,Hernández,,305775609,camilo.hernández89@outlook.com,2000000,empleado
177,Paula,,Torres,,321246877,paula.torres83@gmail.com,1000000,empleado
178,Luis,Andrea,Martínez,,314532909,luis.martínez17@outlook.com,1800000,administrador
179,Camilo,,Ramírez,López,306308972,camilo.ramírez10@gmail.com,1200000,empleado
180,Carlos,,Gómez,Torres,302609732,carlos.gómez35@hotmail.com,2500000,administrador
181,Andrés,,Pérez,Torres,301203186,andrés.pérez80@gmail.com,2000000,administrador
182,Santiago,,Hernández,,302085896,santiago.hernández84@gmail.com,1800000,administrador
183,Camilo,Luis,López,Gómez,322687224,camilo.lópez53@gmail.com,1200000,empleado
184,Andrés,Laura,Sánchez,García,321438646,andrés.sánchez43@outlook.com,2000000,empleado
185,Sara,,López,,308164032,sara.lópez33@hotmail.com,1800000,empleado
186,Camilo,Daniela,Martínez,Hernández,306253411,camilo.martínez68@hotmail.com,1500000,empleado
187,Juliana,Felipe,Hernández,,318443083,juliana.hernández82@hotmail.com,2000000,empleado
188,Daniela,Natalia,Sánchez,,328714296,daniela.sánchez89@outlook.com,1000000,empleado
189,Mateo,Laura,García,,323478783,mateo.garcía20@gmail.com,3000000,empleado
190,Mateo,Juan,Ramírez,,311791469,mateo.ramírez63@outlook.com,900000,administrador
191,Juliana,Camila,Sánchez,,321546235,juliana.sánchez3@hotmail.com,3000000,administrador
192,Felipe,Camila,Hernández,Martínez,313810469,felipe.hernández2@outlook.com,1000000,administrador
193,Luis,,García,García,312504599,luis.garcía76@hotmail.com,3000000,empleado
194,Luis,,Rodríguez,,303519345,luis.rodríguez95@gmail.com,2000000,administrador
195,Camila,,Gómez,,308086204,camila.gómez25@hotmail.com,1800000,administrador
196,Paula,,García,,323858447,paula.garcía36@hotmail.com,1200000,empleado
197,Andrea,,Hernández,,325425832,andrea.hernández27@gmail.com,900000,empleado
198,Andrea,,Sánchez,Martínez,305515241,andrea.sánchez63@outlook.com,900000,empleado
199,Javier,,Hernández,,315241731,javier.hernández48@hotmail.com,1500000,administrador
200,Javier,,Gómez,Pérez,328723258,javier.gómez25@hotmail.com,2000000,empleado
201,Andrés,Luis,Hernández,,302945681,andrés.hernández14@hotmail.com,900000,empleado
202,Andrea,,Rodríguez,,302273255,andrea.rodríguez5@outlook.com,3000000,empleado
203,Diego,Sara,Torres,Gómez,327982179,diego.torres6@hotmail.com,1000000,empleado
204,Camila,Valentina,Ramírez,López,318057660,camila.ramírez73@outlook.com,800000,administrador
205,Mateo,,Sánchez,,314878315,mateo.sánchez84@outlook.com,1200000,empleado
206,Daniela,,Pérez,,303936173,daniela.pérez62@gmail.com,1000000,administrador
207,Mateo,,López,,311291856,mateo.lópez29@hotmail.com,2500000,empleado
208,Felipe,,Rodríguez,López,305194635,felipe.rodríguez65@outlook.com,900000,empleado
209,Diego,,López,López,302968794,diego.lópez9@hotmail.com,900000,empleado
210,Natalia,,López,Hernández,323098717,natalia.lópez93@gmail.com,1200000,administrador
211,Diego,Juliana,Hernández,,321867767,diego.hernández70@outlook.com,800000,administrador
212,Natalia,Juan,Torres,,327664613,natalia.torres66@outlook.com,2000000,administrador
213,Carlos,,García,,324291920,carlos.garcía79@gmail.com,1500000,administrador
214,Carlos,,Hernández,Sánchez,312030505,carlos.hernández11@hotmail.com,800000,administrador
215,Diego,,Martínez,Rodríguez,311065229,diego.martínez51@gmail.com,3000000,empleado
216,Carlos,,Pérez,Martínez,305427304,carlos.pérez28@gmail.com,1200000,administrador
217,Sara,Andrés,Martínez,Gómez,327389084,sara.martínez92@gmail.com,900000,empleado
218,Daniela,,López,,318573310,daniela.lópez36@outlook.com,2000000,administrador
219,Paula,,García,,305227854,paula.garcía65@gmail.com,2500000,administrador
220,Daniela,Daniela,Pérez,López,309874618,daniela.pérez20@outlook.com,2500000,empleado
221,Camilo,,Torres,,305938162,camilo.torres69@outlook.com,900000,empleado
222,Diego,Diego,Torres,López,311277727,diego.torres31@gmail.com,2500000,empleado
223,Paula,,Gómez,Rodríguez,314425115,paula.gómez17@outlook.com,1500000,administrador
224,Andrés,,Hernández,,319287361,andrés.hernández53@gmail.com,2000000,empleado
225,Paula,Camilo,Martínez,,302038163,paula.martínez27@outlook.com,1800000,administrador
226,Paula,Valentina,Martínez,,325533848,paula.martínez34@hotmail.com,1200000,empleado
227,Natalia,Daniela,Pérez,,326907722,natalia.pérez25@gmail.com,1500000,administrador
228,Carlos,,Torres,,318282360,carlos.torres77@outlook.com,1000000,empleado
229,Mateo,,Ramírez,Gómez,309056627,mateo.ramírez74@gmail.com,800000,empleado
230,Camila,,Pérez,Torres,329419113,camila.pérez96@gmail.com,1500000,empleado
231,Diego,Daniela,Torres,Pérez,318169552,diego.torres2@gmail.com,900000,administrador
232,Andrea,Mateo,Rodríguez,,324227086,andrea.rodríguez57@gmail.com,1800000,empleado
233,Camilo,,Torres,Ramírez,328003657,camilo.torres37@outlook.com,900000,administrador
234,Santiago,,Gómez,Gómez,326300488,santiago.gómez46@hotmail.com,1500000,empleado
235,Andrés,,Rodríguez,Pérez,309382861,andrés.rodríguez85@hotmail.com,3000000,administrador
236,Andrés,,Martínez,,318546994,andrés.martínez80@gmail.com,1200000,empleado
237,Camilo,Juan,Torres,López,328641918,camilo.torres11@hotmail.com,900000,administrador
238,Camila,Mateo,Gómez,,327083841,camila.gómez72@outlook.com,900000,empleado
239,Andrea,Andrea,Hernández,,303082435,andrea.hernández56@outlook.com,3000000,administrador
240,Paula,,Martínez,,305514609,paula.martínez58@gmail.com,1800000,administrador
241,Valentina,Camilo,Hernández,,302530645,valentina.hernández9@hotmail.com,1000000,empleado
242,Felipe,Andrés,Ramírez,,324148539,felipe.ramírez48@gmail.com,1000000,administrador
243,Andrea,Felipe,Sánchez,López,303898220,andrea.sánchez37@hotmail.com,1200000,administrador
244,Mateo,,Rodríguez,,305432377,mateo.rodríguez75@outlook.com,2500000,administrador
245,Andrés,,Martínez,Sánchez,324318972,andrés.martínez34@hotmail.com,1500000,empleado
246,Javier,Sara,Gómez,Torres,321585355,javier.gómez18@gmail.com,3000000,empleado
247,Santiago,,Hernández,,311029007,santiago.hernández62@gmail.com,800000,empleado
248,Andrés,,Pérez,Sánchez,318955072,andrés.pérez33@outlook.com,800000,administrador
249,Andrea,Felipe,Gómez,,313221648,andrea.gómez72@hotmail.com,1800000,empleado
250,Carlos,,Torres,,302267298,carlos.torres85@hotmail.com,1000000,administrador
251,Andrea,Daniela,Martínez,Gómez,303709685,andrea.martínez13@gmail.com,800000,empleado
252,Valentina,Camilo,Martínez,García,307884127,valentina.martínez82@gmail.com,3000000,administrador
253,Andrea,,Martínez,Hernández,327439969,andrea.martínez30@outlook.com,900000,administrador
254,Javier,,García,Pérez,326174910,javier.garcía20@hotmail.com,1500000,administrador
255,Andrea,,Pérez,,324392496,andrea.pérez10@hotmail.com,1800000,administrador
256,Juan,,Torres,,313210191,juan.torres84@hotmail.com,1500000,empleado
257,Javier,Juliana,Ramírez,Rodríguez,323574837,javier.ramírez70@gmail.com,3000000,administrador
258,María,,Ramírez,,318077757,maría.ramírez14@outlook.com,900000,empleado
259,Juliana,Camila,García,,314869205,juliana.garcía94@outlook.com,800000,administrador
260,Carlos,Luis,Ramírez,,322851852,carlos.ramírez85@hotmail.com,1000000,empleado
261,Sara,Camilo,Pérez,,305738327,sara.pérez14@gmail.com,3000000,empleado
262,Juan,,Ramírez,Ramírez,325946171,juan.ramírez30@gmail.com,900000,administrador
263,Laura,,Ramírez,Sánchez,327136483,laura.ramírez54@gmail.com,1200000,administrador
264,Santiago,,Torres,García,327150377,santiago.torres29@hotmail.com,2000000,empleado
265,María,,Torres,Torres,311175466,maría.torres6@hotmail.com,2500000,administrador
266,Juliana,Andrés,Torres,Rodríguez,325285310,juliana.torres29@hotmail.com,1800000,administrador
267,Andrea,,Hernández,Torres,326526203,andrea.hernández31@hotmail.com,3000000,administrador
268,Juan,Sara,Pérez,,307976671,juan.pérez61@outlook.com,1800000,administrador
269,Natalia,Luis,Sánchez,Pérez,315727478,natalia.sánchez84@gmail.com,1800000,administrador
270,Paula,Paula,Rodríguez,Pérez,322998227,paula.rodríguez81@hotmail.com,2000000,empleado
271,Sara,Natalia,López,García,303215805,sara.lópez66@hotmail.com,3000000,empleado
272,Natalia,,Rodríguez,,308281955,natalia.rodríguez62@hotmail.com,1500000,empleado
273,Laura,Valentina,Torres,Rodríguez,324338752,laura.torres22@outlook.com,3000000,empleado
274,Sara,Camilo,Pérez,Ramírez,327784959,sara.pérez72@gmail.com,3000000,empleado
275,Sara,María,Torres,,328568236,sara.torres79@gmail.com,1800000,empleado
276,Juan,Camilo,López,Gómez,326475734,juan.lópez3@gmail.com,2000000,empleado
277,Valentina,Javier,Ramírez,Gómez,312705606,valentina.ramírez37@hotmail.com,2000000,empleado
278,Laura,Sara,García,,307693494,laura.garcía72@outlook.com,1500000,empleado
279,María,Carlos,López,,316276643,maría.lópez75@gmail.com,1000000,administrador
280,Camilo,Andrés,Ramírez,Torres,322872479,camilo.ramírez93@hotmail.com,3000000,empleado
281,Javier,,López,Hernández,307800697,javier.lópez94@gmail.com,3000000,administrador
282,Felipe,Camila,Torres,Gómez,314717303,felipe.torres38@outlook.com,2000000,administrador
283,Camilo,Laura,Martínez,Sánchez,321233612,camilo.martínez91@gmail.com,800000,administrador
284,Natalia,Laura,García,,323538113,natalia.garcía89@outlook.com,800000,administrador
285,Felipe,,López,Hernández,304826030,felipe.lópez66@outlook.com,800000,administrador
286,Daniela,Mateo,Rodríguez,,317743299,daniela.rodríguez69@gmail.com,1800000,administrador
287,Andrea,,Pérez,,313485842,andrea.pérez83@gmail.com,1500000,empleado
288,Paula,,Hernández,Gómez,308762238,paula.hernández58@outlook.com,1000000,administrador
289,Sara,,Torres,García,311514933,sara.torres12@hotmail.com,1800000,empleado
290,Valentina,Camila,Gómez,López,304969206,valentina.gómez61@hotmail.com,1500000,empleado
291,María,,Martínez,Rodríguez,314326426,maría.martínez66@outlook.com,2000000,empleado
292,Natalia,Diego,Pérez,,319563852,natalia.pérez20@gmail.com,900000,administrador
293,Daniela,,Hernández,,308113079,daniela.hernández96@gmail.com,3000000,empleado
294,Laura,,Gómez,,325840899,laura.gómez11@outlook.com,3000000,empleado
295,Javier,Juan,Rodríguez,García,325359531,javier.rodríguez56@hotmail.com,1800000,administrador
296,Diego,,Ramírez,García,301167787,diego.ramírez16@gmail.com,1200000,empleado
297,María,Juan,Sánchez,Hernández,326662378,maría.sánchez83@gmail.com,2500000,administrador
298,Daniela,Daniela,Pérez,Rodríguez,328356226,daniela.pérez12@hotmail.com,1200000,empleado
299,Laura,,Torres,Sánchez,317452303,laura.torres40@hotmail.com,900000,administrador
300,Juan,,García,López,328403309,juan.garcía69@gmail.com,3000000,administrador
301,Natalia,,Sánchez,,304532359,natalia.sánchez88@outlook.com,1500000,empleado
302,Natalia,Andrea,Rodríguez,,321293681,natalia.rodríguez96@gmail.com,1000000,empleado
303,Luis,,Rodríguez,García,324138263,luis.rodríguez64@gmail.com,2500000,administrador
304,Sara,,Hernández,,308411954,sara.hernández75@outlook.com,3000000,administrador
305,Daniela,Daniela,Pérez,,318330570,daniela.pérez92@outlook.com,2500000,administrador
306,Juliana,Natalia,Sánchez,Sánchez,302225261,juliana.sánchez78@gmail.com,1800000,empleado
307,Andrés,Sara,Ramírez,Rodríguez,325071004,andrés.ramírez42@gmail.com,3000000,administrador
308,Mateo,Andrés,Gómez,Pérez,328441396,mateo.gómez52@outlook.com,1500000,empleado
309,Camila,,Ramírez,Pérez,305680762,camila.ramírez30@gmail.com,1500000,empleado
310,Juan,,García,,319174313,juan.garcía73@outlook.com,1500000,administrador
311,Diego,Javier,Torres,Hernández,309101196,diego.torres55@hotmail.com,1800000,empleado
312,Javier,Mateo,Ramírez,Sánchez,316209457,javier.ramírez58@hotmail.com,800000,administrador
313,Javier,María,Martínez,García,325589174,javier.martínez38@outlook.com,2500000,empleado
314,Andrés,,Torres,López,304909070,andrés.torres23@hotmail.com,900000,empleado
315,María,Felipe,Rodríguez,Sánchez,317146237,maría.rodríguez60@outlook.com,900000,administrador
316,Laura,,López,Rodríguez,301023081,laura.lópez83@outlook.com,1500000,administrador
317,Paula,Paula,Gómez,Ramírez,309480519,paula.gómez94@outlook.com,800000,empleado
318,Camilo,,Rodríguez,López,314815767,camilo.rodríguez78@outlook.com,900000,administrador
319,Santiago,Camilo,Rodríguez,Sánchez,325134275,santiago.rodríguez80@hotmail.com,2000000,administrador
320,Camila,Santiago,López,,301679428,camila.lópez10@gmail.com,1000000,administrador
321,Carlos,,Gómez,Sánchez,313188000,carlos.gómez9@hotmail.com,1500000,empleado
322,Santiago,,Pérez,,328533480,santiago.pérez72@outlook.com,800000,empleado
323,Valentina,,Hernández,,314593802,valentina.hernández92@hotmail.com,2500000,administrador
324,Luis,Andrés,Rodríguez,Gómez,312644444,luis.rodríguez15@outlook.com,2500000,empleado
325,Andrés,Paula,Martínez,,315841710,andrés.martínez3@outlook.com,3000000,administrador
326,Juliana,,Pérez,,319354849,juliana.pérez56@gmail.com,3000000,administrador
327,Felipe,,Sánchez,Torres,308675459,felipe.sánchez41@gmail.com,1000000,administrador
328,Carlos,,García,,317292559,carlos.garcía75@hotmail.com,1800000,administrador
329,Luis,,Gómez,,307200205,luis.gómez52@hotmail.com,1200000,empleado
330,Paula,,Rodríguez,,321344389,paula.rodríguez73@hotmail.com,1800000,empleado
331,Andrea,,López,Gómez,307361376,andrea.lópez18@outlook.com,3000000,empleado
332,Paula,Luis,Rodríguez,García,318326035,paula.rodríguez73@hotmail.com,2500000,administrador
333,Diego,Camilo,Ramírez,,308877310,diego.ramírez97@outlook.com,2000000,empleado
334,Juliana,Juan,Torres,López,322098922,juliana.torres4@outlook.com,1000000,empleado
335,Valentina,Laura,Hernández,,311613793,valentina.hernández71@outlook.com,1800000,administrador
336,Camilo,Santiago,García,Martínez,301966038,camilo.garcía93@gmail.com,1800000,administrador
337,Luis,Valentina,Gómez,,301093121,luis.gómez89@hotmail.com,900000,empleado
338,Natalia,,Rodríguez,,303364196,natalia.rodríguez94@gmail.com,2500000,administrador
339,María,,Sánchez,Ramírez,321336900,maría.sánchez19@outlook.com,1200000,empleado
340,Camilo,Daniela,Gómez,Pérez,311842459,camilo.gómez82@hotmail.com,1800000,administrador
341,María,Valentina,Ramírez,,311883024,maría.ramírez51@outlook.com,2500000,empleado
342,Andrea,,López,,319099331,andrea.lópez43@gmail.com,900000,empleado
343,Javier,Diego,Ramírez,,324595529,javier.ramírez24@hotmail.com,800000,empleado
344,Javier,,López,,315467336,javier.lópez31@gmail.com,1500000,empleado
345,Natalia,,Ramírez,Sánchez,329851156,natalia.ramírez8@hotmail.com,3000000,administrador
346,Andrea,Camila,Martínez,,311594281,andrea.martínez53@outlook.com,1500000,administrador
347,Camilo,,Rodríguez,,303413301,camilo.rodríguez52@hotmail.com,1500000,administrador
348,Luis,,Pérez,,304194798,luis.pérez40@gmail.com,1200000,empleado
349,Diego,,Gómez,Pérez,321772667,diego.gómez62@outlook.com,2000000,empleado
350,Diego,Andrés,Torres,Ramírez,307904416,diego.torres98@gmail.com,1200000,empleado
351,Mateo,Sara,Rodríguez,García,308882418,mateo.rodríguez16@hotmail.com,2500000,administrador
352,Felipe,,Ramírez,,311192554,felipe.ramírez78@outlook.com,1500000,administrador
353,Felipe,,Sánchez,,306748915,felipe.sánchez20@hotmail.com,1800000,administrador
354,Andrés,,Sánchez,López,313206027,andrés.sánchez91@hotmail.com,1800000,empleado
355,Camila,,Pérez,,313506116,camila.pérez78@outlook.com,800000,administrador
356,Santiago,Carlos,Gómez,,309801044,santiago.gómez31@gmail.com,2000000,administrador
357,Natalia,,Martínez,,328625932,natalia.martínez20@hotmail.com,3000000,empleado
358,Valentina,,Pérez,Torres,309851112,valentina.pérez84@outlook.com,2000000,empleado
359,Paula,,Ramírez,,324935673,paula.ramírez6@hotmail.com,1200000,administrador
360,María,,Pérez,,303286196,maría.pérez92@outlook.com,900000,administrador
361,Andrés,,Rodríguez,,322727014,andrés.rodríguez73@hotmail.com,3000000,empleado
362,Santiago,Andrea,Sánchez,,305348131,santiago.sánchez20@outlook.com,2000000,administrador
363,Camila,Santiago,Sánchez,,322928617,camila.sánchez7@hotmail.com,3000000,administrador
364,Felipe,,Hernández,,322093090,felipe.hernández78@gmail.com,900000,empleado
365,Mateo,,Hernández,Martínez,316939757,mateo.hernández37@gmail.com,3000000,administrador
366,Santiago,Laura,López,Pérez,304658642,santiago.lópez11@hotmail.com,1000000,administrador
367,Javier,Juliana,Gómez,,325372444,javier.gómez62@gmail.com,1000000,administrador
368,Javier,Natalia,Ramírez,Hernández,303962518,javier.ramírez40@gmail.com,1200000,administrador
369,Valentina,,Ramírez,,311275167,valentina.ramírez5@gmail.com,1500000,empleado
370,Andrés,Daniela,Martínez,,301632252,andrés.martínez70@hotmail.com,2000000,administrador
371,María,Juliana,Martínez,,303335293,maría.martínez33@outlook.com,2500000,empleado
372,Laura,Paula,Hernández,Pérez,306310099,laura.hernández80@outlook.com,1200000,empleado
373,Andrés,,Torres,,313516618,andrés.torres33@outlook.com,1000000,empleado
374,Valentina,Javier,Martínez,,306887994,valentina.martínez64@hotmail.com,1000000,administrador
375,Carlos,Carlos,Rodríguez,Hernández,313731437,carlos.rodríguez7@outlook.com,3000000,administrador
376,Sara,,Ramírez,,309956824,sara.ramírez39@gmail.com,1800000,empleado
377,María,,Ramírez,Pérez,314607764,maría.ramírez43@hotmail.com,1800000,administrador
378,María,,García,Rodríguez,321742727,maría.garcía13@hotmail.com,1500000,administrador
379,Valentina,,Pérez,,317447973,valentina.pérez28@outlook.com,1500000,empleado
380,Carlos,María,Rodríguez,,305103980,carlos.rodríguez57@gmail.com,2500000,administrador
381,Valentina,,Hernández,Torres,315069339,valentina.hernández72@outlook.com,1800000,empleado
382,Valentina,,Pérez,López,308412176,valentina.pérez27@gmail.com,1000000,administrador
383,Juan,Camilo,López,,301762503,juan.lópez30@outlook.com,2500000,empleado
384,Camilo,Camilo,Rodríguez,Pérez,307450650,camilo.rodríguez42@outlook.com,1200000,empleado
385,Andrea,,Martínez,Rodríguez,306253059,andrea.martínez33@gmail.com,800000,empleado
386,Paula,,Pérez,Rodríguez,302924231,paula.pérez2@hotmail.com,1200000,administrador
387,Santiago,,Rodríguez,Gómez,309954326,santiago.rodríguez66@gmail.com,800000,administrador
388,Andrés,,Ramírez,,306533797,andrés.ramírez13@hotmail.com,2500000,administrador
389,Carlos,,Rodríguez,,305807236,carlos.rodríguez28@outlook.com,1000000,administrador
390,Sara,,Gómez,Hernández,309347629,sara.gómez62@gmail.com,1800000,empleado
391,Andrés,,Ramírez,Pérez,314399836,andrés.ramírez30@gmail.com,1500000,administrador
392,Andrea,Sara,Sánchez,Rodríguez,307500889,andrea.sánchez13@outlook.com,1000000,administrador
393,Andrés,,López,Gómez,322171929,andrés.lópez55@gmail.com,2000000,administrador
394,Natalia,Luis,Pérez,Pérez,314220081,natalia.pérez73@gmail.com,800000,empleado
395,Carlos,Sara,Torres,,303320974,carlos.torres69@outlook.com,900000,empleado
396,Natalia,,García,López,307194582,natalia.garcía26@hotmail.com,2000000,administrador
397,Laura,Sara,Sánchez,,312841305,laura.sánchez91@outlook.com,1000000,administrador
398,Natalia,Diego,García,,328195012,natalia.garcía3@outlook.com,1500000,administrador
399,Daniela,Andrés,Martínez,,317711911,daniela.martínez45@outlook.com,2000000,administrador
400,Diego,,Hernández,Pérez,324478758,diego.hernández39@hotmail.com,1000000,administrador
401,Sara,Javier,Martínez,,317490384,sara.martínez15@outlook.com,1800000,administrador
402,Diego,Sara,López,Martínez,323188529,diego.lópez34@outlook.com,1000000,administrador
403,Javier,,Pérez,Gómez,306631290,javier.pérez40@outlook.com,1500000,empleado
404,Juliana,,Pérez,Pérez,308992624,juliana.pérez35@gmail.com,1200000,empleado
405,Luis,Natalia,Pérez,,327102086,luis.pérez99@gmail.com,3000000,empleado
406,Camila,,López,López,324252989,camila.lópez47@gmail.com,900000,empleado
407,Laura,Diego,García,Martínez,313255464,laura.garcía60@outlook.com,2000000,empleado
408,Valentina,,Hernández,Ramírez,308584228,valentina.hernández53@outlook.com,900000,administrador
409,Andrea,,Hernández,,306315955,andrea.hernández59@gmail.com,1200000,administrador
410,Laura,,López,Sánchez,315557914,laura.lópez75@outlook.com,1200000,empleado
411,Camilo,Laura,García,Martínez,314100358,camilo.garcía72@outlook.com,2000000,empleado
412,Mateo,,Ramírez,,307643389,mateo.ramírez44@outlook.com,2500000,empleado
413,Carlos,Laura,Pérez,Rodríguez,318419213,carlos.pérez79@outlook.com,900000,empleado
414,Camila,Luis,Martínez,,304708643,camila.martínez83@hotmail.com,2000000,empleado
415,Andrés,,Gómez,Ramírez,315545643,andrés.gómez25@outlook.com,1200000,administrador
416,Andrés,Paula,Torres,López,319553085,andrés.torres85@gmail.com,2500000,empleado
417,Camila,Daniela,Gómez,Gómez,311909722,camila.gómez66@outlook.com,800000,administrador
418,Natalia,,López,,319145775,natalia.lópez78@hotmail.com,1200000,empleado
419,Carlos,Luis,García,Torres,325654561,carlos.garcía86@gmail.com,2000000,administrador
420,Juliana,Daniela,García,López,328210840,juliana.garcía42@outlook.com,1000000,administrador
421,Valentina,,Sánchez,Torres,315195971,valentina.sánchez50@outlook.com,800000,empleado
422,Sara,,Torres,,306185903,sara.torres25@outlook.com,900000,empleado
423,Luis,,Ramírez,,311190525,luis.ramírez54@gmail.com,3000000,empleado
424,Carlos,Camilo,Ramírez,García,307228637,carlos.ramírez85@gmail.com,800000,administrador
425,Camila,,Martínez,,322247262,camila.martínez50@gmail.com,2500000,administrador
426,Camila,,Martínez,,328780130,camila.martínez48@gmail.com,1500000,empleado
427,María,,Rodríguez,,305284432,maría.rodríguez63@outlook.com,2500000,empleado
428,Andrea,María,García,,305718965,andrea.garcía10@hotmail.com,1000000,empleado
429,Laura,,García,Rodríguez,311621006,laura.garcía55@hotmail.com,800000,administrador
430,Camilo,Laura,Sánchez,,319295023,camilo.sánchez57@outlook.com,1000000,empleado
431,Valentina,,Rodríguez,,322929823,valentina.rodríguez44@hotmail.com,900000,empleado
432,Santiago,,Pérez,Sánchez,303956149,santiago.pérez79@gmail.com,900000,administrador
433,Sara,Juliana,García,,302897710,sara.garcía65@outlook.com,800000,empleado
434,Sara,,Pérez,,316085219,sara.pérez43@gmail.com,3000000,administrador
435,Juliana,,Pérez,Rodríguez,314736097,juliana.pérez46@hotmail.com,1800000,administrador
436,Carlos,,García,Martínez,304912221,carlos.garcía41@outlook.com,800000,administrador
437,Juan,,Martínez,Ramírez,312740056,juan.martínez63@outlook.com,900000,empleado
438,Andrés,Juliana,Torres,Sánchez,316225166,andrés.torres27@hotmail.com,1500000,empleado
439,Daniela,,Hernández,Martínez,326692086,daniela.hernández13@gmail.com,900000,empleado
440,Valentina,María,Rodríguez,,329535259,valentina.rodríguez26@hotmail.com,2500000,administrador
441,Andrea,,Rodríguez,,321351033,andrea.rodríguez71@hotmail.com,1800000,empleado
442,Felipe,Valentina,Pérez,Rodríguez,326633341,felipe.pérez83@outlook.com,3000000,administrador
443,Natalia,Andrea,Ramírez,,316027682,natalia.ramírez27@outlook.com,1000000,administrador
444,Javier,Daniela,Torres,Ramírez,329156034,javier.torres81@hotmail.com,3000000,empleado
445,Felipe,,Martínez,Gómez,304891046,felipe.martínez61@gmail.com,3000000,administrador
446,Laura,,Ramírez,Gómez,306533475,laura.ramírez91@hotmail.com,2000000,empleado
447,Carlos,,Gómez,,308050167,carlos.gómez72@outlook.com,3000000,empleado
448,Felipe,,Martínez,Martínez,302873333,felipe.martínez17@gmail.com,2500000,administrador
449,Andrea,,Ramírez,,326072271,andrea.ramírez58@gmail.com,2000000,empleado
450,Paula,Valentina,López,,314663972,paula.lópez85@outlook.com,800000,empleado
451,Natalia,Javier,Martínez,Hernández,323746969,natalia.martínez28@outlook.com,800000,administrador
452,Paula,,López,,323618362,paula.lópez59@outlook.com,1000000,administrador
453,Laura,Mateo,Martínez,,302326868,laura.martínez86@hotmail.com,1500000,empleado
454,Valentina,Andrea,García,,319049993,valentina.garcía26@outlook.com,2500000,empleado
455,María,Mateo,Gómez,Ramírez,317824733,maría.gómez38@gmail.com,2000000,administrador
456,Valentina,,Hernández,Hernández,305324236,valentina.hernández22@gmail.com,2500000,empleado
457,Valentina,,Torres,Rodríguez,316627765,valentina.torres40@gmail.com,1500000,empleado
458,Camila,Sara,Sánchez,Rodríguez,327148924,camila.sánchez55@hotmail.com,2500000,administrador
459,María,Camila,Gómez,Sánchez,313616157,maría.gómez43@hotmail.com,900000,empleado
460,Laura,,López,,324241002,laura.lópez36@gmail.com,1800000,administrador
461,Javier,,Gómez,Sánchez,328549199,javier.gómez96@gmail.com,800000,administrador
462,Carlos,,Sánchez,,301559522,carlos.sánchez43@hotmail.com,3000000,administrador
463,Juliana,Paula,Torres,Hernández,315689397,juliana.torres35@outlook.com,1200000,empleado
464,Luis,Camilo,Torres,,301223506,luis.torres29@gmail.com,1800000,administrador
465,Javier,Luis,Rodríguez,,304108283,javier.rodríguez78@gmail.com,1200000,administrador
466,Daniela,Valentina,Ramírez,,325431372,daniela.ramírez32@gmail.com,1500000,empleado
467,Santiago,Camilo,Ramírez,Rodríguez,303879622,santiago.ramírez47@gmail.com,1500000,empleado
468,Luis,,Ramírez,,321625382,luis.ramírez19@hotmail.com,2000000,empleado
469,Laura,,Torres,,315089831,laura.torres23@gmail.com,1000000,empleado
470,Natalia,,Ramírez,Hernández,328544163,natalia.ramírez53@outlook.com,3000000,empleado
471,Javier,Juliana,López,Martínez,309322516,javier.lópez71@hotmail.com,1200000,empleado
472,Laura,Santiago,Hernández,,314218696,laura.hernández89@hotmail.com,800000,administrador
473,Camila,,García,,301942192,camila.garcía63@hotmail.com,1000000,administrador
474,Andrés,,Martínez,,313170557,andrés.martínez2@hotmail.com,1500000,administrador
475,Daniela,Santiago,Ramírez,,315449858,daniela.ramírez83@hotmail.com,3000000,empleado
476,Luis,Andrea,Sánchez,,302045217,luis.sánchez34@gmail.com,1200000,empleado
477,Andrés,,Sánchez,,323632196,andrés.sánchez53@hotmail.com,3000000,empleado
478,Mateo,,Gómez,López,313702450,mateo.gómez51@hotmail.com,1500000,administrador
479,Sara,Valentina,Sánchez,,303334174,sara.sánchez83@outlook.com,900000,administrador
480,Sara,,García,,323067836,sara.garcía16@hotmail.com,800000,empleado
481,María,,Torres,Torres,319253808,maría.torres27@outlook.com,900000,empleado
482,Sara,Diego,Martínez,,312817520,sara.martínez67@outlook.com,3000000,empleado
483,Carlos,,López,Sánchez,309366865,carlos.lópez77@hotmail.com,800000,empleado
484,María,,Hernández,,317943149,maría.hernández63@gmail.com,2500000,administrador
485,Juan,Juliana,Torres,Gómez,313233210,juan.torres64@hotmail.com,1500000,administrador
486,Luis,Andrés,Rodríguez,,313362086,luis.rodríguez7@hotmail.com,3000000,administrador
487,Sara,,García,Rodríguez,315468574,sara.garcía44@gmail.com,2500000,administrador
488,Camila,Santiago,Ramírez,Pérez,309069949,camila.ramírez68@outlook.com,2500000,administrador
489,Diego,,Torres,,327290978,diego.torres90@outlook.com,1200000,empleado
490,Santiago,,Sánchez,García,314744433,santiago.sánchez78@outlook.com,2500000,empleado
491,Daniela,Camilo,Gómez,,322733146,daniela.gómez67@outlook.com,800000,administrador
492,María,,López,Martínez,324342102,maría.lópez52@hotmail.com,1200000,empleado
493,Juliana,,Sánchez,Hernández,318949764,juliana.sánchez30@outlook.com,1200000,empleado
494,Daniela,Andrés,Rodríguez,,306029522,daniela.rodríguez65@outlook.com,1000000,empleado
495,Andrés,,Pérez,,309530053,andrés.pérez67@outlook.com,900000,empleado
496,Paula,,Pérez,,319440259,paula.pérez72@hotmail.com,1800000,administrador
497,María,,Rodríguez,Torres,325326672,maría.rodríguez45@hotmail.com,800000,empleado
498,María,Diego,Ramírez,Torres,315606531,maría.ramírez18@hotmail.com,2000000,administrador
499,María,,García,,301909894,maría.garcía11@gmail.com,900000,administrador
500,Carlos,,Gómez,,326513454,carlos.gómez10@outlook.com,800000,empleado
501,Natalia,,Hernández,García,301952820,natalia.hernández49@outlook.com,3000000,administrador
502,Natalia,,García,Gómez,306528327,natalia.garcía45@hotmail.com,1800000,empleado
503,Camila,Andrea,Martínez,Sánchez,306018933,camila.martínez60@gmail.com,1000000,administrador
504,Santiago,Natalia,Torres,Pérez,319999268,santiago.torres39@hotmail.com,1200000,empleado
505,Natalia,María,Pérez,,321009280,natalia.pérez11@hotmail.com,3000000,empleado
506,Juliana,Natalia,Rodríguez,,304531101,juliana.rodríguez44@gmail.com,2500000,empleado
507,Mateo,,Gómez,Ramírez,326756375,mateo.gómez49@gmail.com,1500000,empleado
508,Camila,María,García,,301300111,camila.garcía40@gmail.com,900000,empleado
509,Natalia,Camilo,Rodríguez,Rodríguez,326800360,natalia.rodríguez61@gmail.com,1000000,empleado
510,Paula,Sara,Rodríguez,Sánchez,322513158,paula.rodríguez18@outlook.com,800000,administrador
511,Diego,,Sánchez,Martínez,325899834,diego.sánchez33@gmail.com,1500000,empleado
512,Javier,,Pérez,,322479374,javier.pérez72@hotmail.com,1800000,empleado
513,Juliana,Luis,Hernández,,324610987,juliana.hernández29@outlook.com,2500000,empleado
514,Felipe,,Ramírez,Hernández,316056399,felipe.ramírez68@gmail.com,1500000,administrador
515,Diego,,Pérez,,311516938,diego.pérez73@hotmail.com,1500000,empleado
516,Andrea,,Hernández,,328268544,andrea.hernández33@outlook.com,1000000,empleado
517,Andrea,Juan,Martínez,,301865453,andrea.martínez99@outlook.com,2000000,empleado
518,Javier,Daniela,Hernández,,318798318,javier.hernández2@outlook.com,2500000,administrador
519,María,Carlos,López,Gómez,312561601,maría.lópez6@gmail.com,2000000,empleado
520,Juliana,Daniela,Pérez,,322641182,juliana.pérez46@hotmail.com,1000000,empleado
521,Camilo,Andrea,López,Torres,324787726,camilo.lópez89@gmail.com,1200000,empleado
522,Andrés,,Ramírez,Ramírez,302417351,andrés.ramírez48@hotmail.com,3000000,empleado
523,Andrea,Camilo,Hernández,Ramírez,321164888,andrea.hernández53@gmail.com,2500000,administrador
524,Juan,Juan,Martínez,García,326243073,juan.martínez84@hotmail.com,1800000,empleado
525,María,,Torres,,324671965,maría.torres94@gmail.com,1500000,administrador
526,Valentina,Daniela,López,,311762233,valentina.lópez14@hotmail.com,1000000,administrador
527,Carlos,Camilo,Hernández,,314885776,carlos.hernández19@hotmail.com,900000,empleado
528,Carlos,,Hernández,Gómez,313322698,carlos.hernández28@hotmail.com,1500000,administrador
529,Juliana,Juliana,Pérez,Torres,315427589,juliana.pérez49@outlook.com,1000000,empleado
530,Camila,Javier,Martínez,,302595532,camila.martínez24@hotmail.com,1200000,empleado
531,Juliana,,Martínez,García,325911770,juliana.martínez85@gmail.com,2500000,empleado
532,Felipe,,Pérez,,304284318,felipe.pérez44@outlook.com,900000,empleado
533,Sara,Andrea,Rodríguez,,318946388,sara.rodríguez53@gmail.com,1000000,empleado
534,Andrés,Andrea,Ramírez,,323679149,andrés.ramírez18@gmail.com,3000000,administrador
535,Natalia,,Sánchez,,301134981,natalia.sánchez76@outlook.com,1500000,administrador
536,Luis,Camila,García,,324143774,luis.garcía69@gmail.com,1500000,administrador
537,Andrea,Juliana,Ramírez,García,306331826,andrea.ramírez59@outlook.com,3000000,empleado
538,Juan,,Ramírez,,329789073,juan.ramírez1@gmail.com,900000,empleado
539,Mateo,,López,Hernández,327262513,mateo.lópez97@outlook.com,3000000,administrador
540,Felipe,,Martínez,Ramírez,303798300,felipe.martínez89@gmail.com,2000000,administrador
541,Felipe,,Gómez,Sánchez,305240760,felipe.gómez82@hotmail.com,1500000,empleado
542,Javier,Santiago,Pérez,Sánchez,304276240,javier.pérez56@outlook.com,1000000,administrador
543,Santiago,María,García,,304219057,santiago.garcía18@outlook.com,900000,administrador
544,Juan,,Rodríguez,,301893448,juan.rodríguez92@gmail.com,2000000,empleado
545,Valentina,,Gómez,,327117105,valentina.gómez34@outlook.com,1200000,empleado
546,Andrés,,Sánchez,,319846322,andrés.sánchez23@gmail.com,900000,administrador
547,Diego,,López,,329616394,diego.lópez68@outlook.com,1500000,empleado
548,Natalia,Javier,Pérez,,326644681,natalia.pérez8@gmail.com,1500000,empleado
549,Paula,Paula,Ramírez,Rodríguez,317000138,paula.ramírez34@hotmail.com,1000000,administrador
550,Laura,Luis,López,Gómez,324623828,laura.lópez2@hotmail.com,1000000,administrador
551,Natalia,,Gómez,,301850109,natalia.gómez97@hotmail.com,800000,administrador
552,Juliana,,Hernández,,305720059,juliana.hernández16@gmail.com,800000,empleado
553,Felipe,,Gómez,Pérez,318270544,felipe.gómez29@gmail.com,1200000,empleado
554,Daniela,María,Ramírez,,306493671,daniela.ramírez38@hotmail.com,900000,empleado
555,Valentina,,García,,327668391,valentina.garcía76@gmail.com,1200000,administrador
556,María,,Hernández,Ramírez,317811020,maría.hernández10@outlook.com,1200000,empleado
557,Carlos,,Martínez,García,319810853,carlos.martínez15@outlook.com,1200000,empleado
558,Andrea,Javier,Torres,Martínez,326705572,andrea.torres35@gmail.com,2000000,empleado
559,Mateo,Paula,Sánchez,,312029875,mateo.sánchez50@gmail.com,2000000,administrador
560,Juliana,Camila,Sánchez,Hernández,324781532,juliana.sánchez80@outlook.com,3000000,administrador
561,Camilo,Valentina,Martínez,,318878866,camilo.martínez83@gmail.com,900000,administrador
562,Sara,,Hernández,,315346018,sara.hernández54@hotmail.com,900000,administrador
563,Paula,,Gómez,Sánchez,311665883,paula.gómez26@hotmail.com,1500000,administrador
564,Luis,,Gómez,,311316424,luis.gómez74@hotmail.com,1200000,empleado
565,María,Sara,García,López,319885745,maría.garcía52@hotmail.com,800000,empleado
566,María,,Gómez,Pérez,312888691,maría.gómez43@outlook.com,3000000,empleado
567,Andrea,Juliana,Sánchez,Sánchez,314741639,andrea.sánchez84@outlook.com,1500000,empleado
568,Camilo,Andrea,Ramírez,,301006756,camilo.ramírez8@outlook.com,1000000,administrador
569,Carlos,,López,,315988634,carlos.lópez16@hotmail.com,1200000,empleado
570,Camilo,Sara,Martínez,López,302409520,camilo.martínez24@hotmail.com,1200000,empleado
571,Juan,,Martínez,,308909589,juan.martínez47@gmail.com,900000,administrador
572,Carlos,Luis,Rodríguez,,311388488,carlos.rodríguez23@outlook.com,800000,administrador
573,Andrés,,Ramírez,,313090979,andrés.ramírez18@gmail.com,900000,administrador
574,Felipe,,Gómez,García,321052011,felipe.gómez75@gmail.com,1000000,empleado
575,Andrés,,Pérez,Rodríguez,319480956,andrés.pérez9@outlook.com,2500000,empleado
576,Sara,,Ramírez,Martínez,306808670,sara.ramírez2@gmail.com,2000000,administrador
577,Carlos,,Torres,Torres,312281143,carlos.torres39@gmail.com,2500000,administrador
578,Natalia,,López,Torres,314457948,natalia.lópez56@hotmail.com,3000000,empleado
579,Paula,,Martínez,López,329569442,paula.martínez35@outlook.com,1800000,administrador
580,Natalia,,Ramírez,,314646416,natalia.ramírez77@outlook.com,800000,empleado
581,Mateo,Santiago,Ramírez,,312342462,mateo.ramírez98@hotmail.com,2500000,administrador
582,Felipe,Sara,Gómez,,325300100,felipe.gómez68@outlook.com,800000,empleado
583,Juan,,Rodríguez,López,303438711,juan.rodríguez17@gmail.com,800000,administrador
584,Laura,,Gómez,,315482536,laura.gómez43@outlook.com,1000000,empleado
585,Daniela,,Pérez,Hernández,303694528,daniela.pérez74@outlook.com,1800000,empleado
586,Andrea,Paula,Martínez,,308293371,andrea.martínez7@hotmail.com,1200000,administrador
587,Felipe,,Torres,Hernández,325567212,felipe.torres3@hotmail.com,800000,empleado
588,Andrés,,Hernández,,323097811,andrés.hernández71@outlook.com,900000,empleado
589,Daniela,,Hernández,Pérez,312066104,daniela.hernández55@gmail.com,1800000,administrador
590,Javier,,Pérez,,317862917,javier.pérez78@gmail.com,1500000,administrador
591,Daniela,Juliana,Sánchez,,312246865,daniela.sánchez40@outlook.com,2500000,empleado
592,Juan,,Sánchez,Ramírez,302729660,juan.sánchez41@hotmail.com,1200000,administrador
593,María,,Gómez,Gómez,319228344,maría.gómez1@hotmail.com,3000000,empleado
594,Santiago,Santiago,Sánchez,,325831587,santiago.sánchez47@gmail.com,1500000,empleado
595,Felipe,,López,Sánchez,301796674,felipe.lópez5@outlook.com,900000,empleado
596,Valentina,Javier,García,,324879269,valentina.garcía31@outlook.com,1500000,administrador
597,Carlos,Santiago,Martínez,,301260424,carlos.martínez77@outlook.com,1800000,administrador
598,Juliana,,Pérez,,312239139,juliana.pérez98@gmail.com,800000,administrador
599,Carlos,Camila,López,López,328788825,carlos.lópez21@hotmail.com,800000,administrador
600,Santiago,,Pérez,Hernández,313666521,santiago.pérez30@outlook.com,1500000,empleado
601,Mateo,,Torres,,316298506,mateo.torres5@gmail.com,1800000,empleado
602,Paula,,López,,311980919,paula.lópez1@gmail.com,2500000,empleado
603,María,,García,Sánchez,325261078,maría.garcía22@gmail.com,2000000,empleado
604,Diego,Paula,García,,315747251,diego.garcía88@gmail.com,1000000,empleado
605,Camila,,Hernández,Sánchez,326554926,camila.hernández54@outlook.com,2500000,empleado
606,Laura,,Gómez,,326941162,laura.gómez57@hotmail.com,900000,administrador
607,Sara,María,López,Gómez,317068136,sara.lópez28@hotmail.com,1200000,empleado
608,Juliana,Javier,Rodríguez,Hernández,314434404,juliana.rodríguez91@outlook.com,3000000,empleado
609,Javier,,Sánchez,Sánchez,303186040,javier.sánchez56@gmail.com,2000000,empleado
610,Diego,,Ramírez,,322605401,diego.ramírez93@gmail.com,2500000,administrador
611,Valentina,María,Ramírez,,313615186,valentina.ramírez93@gmail.com,1500000,administrador
612,Juliana,,Pérez,,312379190,juliana.pérez86@hotmail.com,900000,empleado
613,Juliana,,García,Martínez,319606207,juliana.garcía41@outlook.com,2500000,administrador
614,Santiago,,Ramírez,,306015595,santiago.ramírez59@outlook.com,1200000,empleado
615,Mateo,Juliana,García,,304700096,mateo.garcía82@hotmail.com,3000000,administrador
616,Camila,,García,,326811675,camila.garcía31@outlook.com,1500000,administrador
617,Santiago,Camilo,Sánchez,,317210346,santiago.sánchez16@outlook.com,1200000,empleado
618,Valentina,Mateo,García,,318254052,valentina.garcía94@outlook.com,2000000,administrador
619,María,Laura,Gómez,Gómez,308133073,maría.gómez70@outlook.com,1500000,empleado
620,Mateo,,Sánchez,,317554905,mateo.sánchez97@hotmail.com,2500000,empleado
621,Santiago,Felipe,Martínez,,322553389,santiago.martínez12@outlook.com,1800000,empleado
622,Felipe,Valentina,Sánchez,Ramírez,322695949,felipe.sánchez68@hotmail.com,1500000,empleado
623,Juan,,Hernández,,305007571,juan.hernández83@gmail.com,2000000,administrador
624,María,,Gómez,Rodríguez,323562822,maría.gómez21@hotmail.com,800000,administrador
625,Felipe,Camilo,Pérez,Sánchez,328370502,felipe.pérez60@outlook.com,1800000,administrador
626,Carlos,Juliana,Pérez,,306706452,carlos.pérez83@gmail.com,1000000,administrador
627,Juliana,Mateo,Martínez,,307173630,juliana.martínez29@hotmail.com,1000000,empleado
628,Felipe,,Rodríguez,Torres,319310287,felipe.rodríguez50@gmail.com,1200000,empleado
629,Sara,Diego,Sánchez,Gómez,302662002,sara.sánchez79@gmail.com,1800000,administrador
630,Diego,,Hernández,,317108276,diego.hernández4@gmail.com,800000,empleado
631,Natalia,Juan,Rodríguez,López,328498267,natalia.rodríguez33@outlook.com,800000,empleado
632,Luis,Andrea,Torres,,304125664,luis.torres13@outlook.com,2500000,empleado
633,Camilo,,Sánchez,García,315766411,camilo.sánchez58@gmail.com,2000000,administrador
634,María,,García,Pérez,328445723,maría.garcía49@gmail.com,2500000,empleado
635,María,María,Gómez,,305551646,maría.gómez42@hotmail.com,1500000,administrador
636,Carlos,Carlos,Hernández,Torres,303364649,carlos.hernández99@outlook.com,1500000,administrador
637,Juliana,,García,,328790125,juliana.garcía98@gmail.com,1500000,empleado
638,Camila,María,Hernández,,309254837,camila.hernández12@outlook.com,2500000,administrador
639,Mateo,Paula,Ramírez,Martínez,301853116,mateo.ramírez60@hotmail.com,1200000,administrador
640,Camilo,Valentina,Gómez,,324861538,camilo.gómez33@hotmail.com,1000000,empleado
641,María,,Pérez,Pérez,309151381,maría.pérez75@outlook.com,900000,empleado
642,Paula,Andrés,Rodríguez,,311036445,paula.rodríguez88@outlook.com,800000,administrador
643,Santiago,Diego,Sánchez,,308047393,santiago.sánchez80@outlook.com,1000000,administrador
644,Sara,,Hernández,Pérez,304170485,sara.hernández46@hotmail.com,1000000,empleado
645,Camilo,Luis,Pérez,Gómez,329123232,camilo.pérez48@gmail.com,2000000,administrador
646,Juan,,Martínez,,323509220,juan.martínez51@outlook.com,900000,empleado
647,Daniela,Carlos,Gómez,Rodríguez,307252914,daniela.gómez19@outlook.com,900000,empleado
648,Felipe,,Hernández,,307468212,felipe.hernández4@outlook.com,800000,empleado
649,Juan,Paula,Gómez,Rodríguez,309187648,juan.gómez27@hotmail.com,900000,empleado
650,Juliana,,Gómez,,317582226,juliana.gómez48@hotmail.com,900000,empleado
651,Carlos,,Ramírez,Ramírez,305206837,carlos.ramírez76@outlook.com,2500000,empleado
652,Diego,,Torres,Ramírez,317076393,diego.torres68@gmail.com,3000000,empleado
653,Camilo,Laura,Pérez,López,314403527,camilo.pérez4@hotmail.com,2000000,empleado
654,Camilo,María,García,Torres,313835240,camilo.garcía42@gmail.com,1500000,empleado
655,Daniela,,Gómez,,321324648,daniela.gómez90@hotmail.com,1800000,empleado
656,Paula,,Pérez,García,305883914,paula.pérez88@hotmail.com,1800000,empleado
657,Juliana,Santiago,Hernández,,326777425,juliana.hernández51@gmail.com,1500000,empleado
658,Luis,Luis,Martínez,,303749073,luis.martínez23@outlook.com,900000,administrador
659,Paula,Santiago,Pérez,Martínez,307224435,paula.pérez58@gmail.com,3000000,empleado
660,Andrea,,Torres,,318548540,andrea.torres87@gmail.com,1200000,administrador
661,Natalia,,García,Hernández,317528400,natalia.garcía97@hotmail.com,2500000,administrador
662,Paula,Andrés,Rodríguez,López,322926875,paula.rodríguez15@gmail.com,1000000,empleado
663,Camila,,Ramírez,García,316583866,camila.ramírez69@gmail.com,1500000,administrador
664,Andrés,Carlos,Gómez,Ramírez,322384628,andrés.gómez85@outlook.com,1800000,empleado
665,Andrés,Valentina,Ramírez,,307284125,andrés.ramírez74@outlook.com,3000000,empleado
666,Luis,,Torres,Pérez,316844990,luis.torres98@gmail.com,1000000,administrador
667,Valentina,Laura,Sánchez,Gómez,312385724,valentina.sánchez13@hotmail.com,1000000,administrador
668,Natalia,Natalia,Hernández,,328222405,natalia.hernández81@gmail.com,1800000,administrador
669,Natalia,Andrés,Rodríguez,López,301481262,natalia.rodríguez19@gmail.com,2000000,empleado
670,Laura,,García,,323831268,laura.garcía82@hotmail.com,1000000,administrador
671,Javier,Javier,Ramírez,,308129010,javier.ramírez77@outlook.com,800000,empleado
672,Javier,,Ramírez,García,314426387,javier.ramírez10@outlook.com,3000000,administrador
673,Felipe,,Torres,,314890899,felipe.torres56@outlook.com,3000000,administrador
674,Juliana,Laura,Torres,Gómez,314781630,juliana.torres38@gmail.com,800000,empleado
675,Luis,Javier,Torres,,316861404,luis.torres99@outlook.com,1800000,empleado
676,Sara,,Hernández,,303891107,sara.hernández83@hotmail.com,2500000,administrador
677,Juan,María,Torres,,324440996,juan.torres79@outlook.com,2000000,administrador
678,Diego,,García,Hernández,315187312,diego.garcía96@gmail.com,2500000,empleado
679,Natalia,,Pérez,Ramírez,312000482,natalia.pérez20@outlook.com,900000,administrador
680,Laura,,Pérez,,329975511,laura.pérez5@outlook.com,1200000,administrador
681,Carlos,Valentina,Rodríguez,,318811173,carlos.rodríguez5@outlook.com,2500000,empleado
682,Laura,,López,Gómez,303719111,laura.lópez29@gmail.com,1500000,empleado
683,Sara,Diego,Martínez,Ramírez,326085703,sara.martínez11@hotmail.com,900000,administrador
684,Valentina,Daniela,López,,323223258,valentina.lópez52@outlook.com,2000000,administrador
685,Daniela,,Rodríguez,García,326483985,daniela.rodríguez57@outlook.com,1200000,administrador
686,Mateo,,Pérez,Martínez,306502430,mateo.pérez24@gmail.com,1800000,empleado
687,Andrea,Valentina,Sánchez,,301248148,andrea.sánchez69@hotmail.com,1800000,empleado
688,Juliana,Valentina,Sánchez,,301456823,juliana.sánchez88@hotmail.com,2000000,empleado
689,Paula,Laura,Martínez,Rodríguez,314282277,paula.martínez44@outlook.com,1800000,administrador
690,Juan,Javier,Sánchez,,318161096,juan.sánchez27@hotmail.com,1200000,administrador
691,Paula,Natalia,Sánchez,,308474849,paula.sánchez31@hotmail.com,2000000,administrador
692,Juliana,,Rodríguez,García,307771883,juliana.rodríguez93@gmail.com,900000,administrador
693,Juan,Daniela,Martínez,Martínez,324875057,juan.martínez32@gmail.com,1000000,administrador
694,Valentina,Daniela,Sánchez,,314689042,valentina.sánchez68@outlook.com,900000,empleado
695,Diego,Juan,Pérez,,305872181,diego.pérez78@hotmail.com,1000000,empleado
696,Juliana,,Torres,,317920504,juliana.torres76@hotmail.com,1200000,empleado
697,Juan,Sara,Ramírez,,305263406,juan.ramírez6@hotmail.com,2500000,administrador
698,Mateo,,López,Sánchez,309068805,mateo.lópez51@outlook.com,800000,empleado
699,Andrés,Mateo,Pérez,,304457713,andrés.pérez54@hotmail.com,800000,administrador
700,Sara,Felipe,Sánchez,García,317715608,sara.sánchez30@hotmail.com,2000000,empleado
701,Sara,,García,,322740747,sara.garcía5@gmail.com,1200000,empleado
702,Paula,,López,,315473029,paula.lópez57@outlook.com,3000000,administrador
703,Camilo,Diego,Gómez,Ramírez,327526266,camilo.gómez4@outlook.com,3000000,administrador
704,Juliana,,Ramírez,,312348622,juliana.ramírez80@outlook.com,3000000,empleado
705,Carlos,Luis,Gómez,,319472663,carlos.gómez7@hotmail.com,1500000,empleado
706,Juan,Camila,Rodríguez,Ramírez,312540451,juan.rodríguez24@outlook.com,1000000,empleado
707,Carlos,Mateo,Sánchez,,318536596,carlos.sánchez71@hotmail.com,2500000,empleado
708,Juan,Laura,García,López,315884989,juan.garcía75@outlook.com,1500000,administrador
709,Camila,,Martínez,Rodríguez,303001272,camila.martínez63@gmail.com,3000000,administrador
710,Camila,Andrea,Pérez,Rodríguez,303223810,camila.pérez65@gmail.com,1200000,administrador
711,Carlos,Camilo,Gómez,,314814130,carlos.gómez29@hotmail.com,1500000,empleado
712,Daniela,,Torres,,327061647,daniela.torres18@hotmail.com,2000000,empleado
713,Laura,,López,Hernández,309289626,laura.lópez11@gmail.com,3000000,administrador
714,Andrea,Luis,Hernández,Torres,313374686,andrea.hernández12@gmail.com,1200000,administrador
715,Daniela,,Pérez,,328200426,daniela.pérez62@gmail.com,1500000,administrador
716,Camila,,Martínez,,313231764,camila.martínez8@hotmail.com,1800000,empleado
717,Laura,,Torres,,301140383,laura.torres19@outlook.com,3000000,empleado
718,Mateo,,García,,317288283,mateo.garcía2@hotmail.com,900000,empleado
719,Mateo,Camila,López,Torres,301124118,mateo.lópez77@outlook.com,2500000,empleado
720,Felipe,Luis,Gómez,Hernández,318420728,felipe.gómez50@outlook.com,3000000,empleado
721,Sara,Andrea,Sánchez,,327837052,sara.sánchez10@outlook.com,900000,empleado
722,Camilo,Valentina,Martínez,,317063327,camilo.martínez17@gmail.com,1500000,empleado
723,Andrea,Andrés,García,Martínez,303270351,andrea.garcía19@outlook.com,1500000,empleado
724,María,,Torres,García,321366869,maría.torres9@outlook.com,3000000,empleado
725,Luis,,López,,318325046,luis.lópez60@outlook.com,2000000,administrador
726,Natalia,María,García,,309305899,natalia.garcía54@hotmail.com,800000,administrador
727,Felipe,Juan,López,,325364197,felipe.lópez26@hotmail.com,2500000,administrador
728,Camila,Daniela,Hernández,López,317415108,camila.hernández9@hotmail.com,2000000,empleado
729,María,Laura,Sánchez,López,329668677,maría.sánchez28@hotmail.com,1200000,administrador
730,Camilo,,López,,304009812,camilo.lópez37@gmail.com,1000000,empleado
731,María,,Ramírez,Pérez,327278598,maría.ramírez9@outlook.com,1000000,empleado
732,Santiago,,Rodríguez,Gómez,309043957,santiago.rodríguez49@hotmail.com,800000,administrador
733,Felipe,,Pérez,Gómez,327569917,felipe.pérez70@outlook.com,2500000,empleado
734,María,,Gómez,Sánchez,321236045,maría.gómez33@hotmail.com,1000000,empleado
735,Daniela,,Rodríguez,,308016343,daniela.rodríguez97@gmail.com,900000,administrador
736,Felipe,María,Torres,,307893837,felipe.torres18@hotmail.com,900000,administrador
737,Laura,,Martínez,,324621320,laura.martínez43@gmail.com,2000000,empleado
738,Carlos,,Sánchez,,304061515,carlos.sánchez90@gmail.com,3000000,empleado
739,Juan,,Pérez,Ramírez,327012299,juan.pérez63@hotmail.com,1200000,empleado
740,Sara,Andrés,Pérez,García,326906728,sara.pérez41@hotmail.com,1800000,administrador
741,Sara,Valentina,López,Rodríguez,304128355,sara.lópez96@gmail.com,2000000,administrador
742,Laura,,Pérez,,305197433,laura.pérez75@gmail.com,1000000,administrador
743,Paula,,Martínez,López,302109851,paula.martínez53@outlook.com,1800000,administrador
744,Andrea,,López,,308023283,andrea.lópez29@hotmail.com,1800000,empleado
745,María,,Sánchez,,308158656,maría.sánchez10@gmail.com,2500000,empleado
746,Luis,,Hernández,Pérez,317160225,luis.hernández58@hotmail.com,1000000,administrador
747,Javier,Santiago,López,Ramírez,307299779,javier.lópez63@hotmail.com,2500000,empleado
748,Carlos,Juliana,Hernández,,308671839,carlos.hernández94@gmail.com,1800000,administrador
749,Felipe,,Rodríguez,García,313064180,felipe.rodríguez62@gmail.com,800000,empleado
750,Luis,Santiago,García,,304877180,luis.garcía7@gmail.com,900000,empleado
751,María,,López,Sánchez,321733461,maría.lópez9@outlook.com,2000000,empleado
752,Sara,Paula,Pérez,Rodríguez,313864355,sara.pérez37@gmail.com,1500000,empleado
753,Natalia,Felipe,Pérez,,325562135,natalia.pérez2@hotmail.com,1800000,empleado
754,Laura,Luis,Ramírez,Pérez,317576518,laura.ramírez50@outlook.com,1800000,administrador
755,Carlos,,Torres,Martínez,301067863,carlos.torres63@hotmail.com,3000000,administrador
756,Camilo,,Sánchez,Martínez,328198182,camilo.sánchez40@gmail.com,800000,empleado
757,Valentina,Javier,Rodríguez,Ramírez,321931256,valentina.rodríguez9@hotmail.com,800000,empleado
758,Luis,,García,Rodríguez,308810440,luis.garcía39@outlook.com,2000000,administrador
759,Daniela,,Pérez,,311405919,daniela.pérez2@outlook.com,1000000,administrador
760,Diego,,Torres,,306071945,diego.torres49@gmail.com,800000,administrador
761,Paula,Santiago,Gómez,Gómez,306890671,paula.gómez82@outlook.com,1800000,administrador
762,Javier,,Hernández,Sánchez,319603852,javier.hernández17@gmail.com,800000,empleado
763,María,,López,,305566999,maría.lópez82@outlook.com,1500000,administrador
764,Felipe,Camila,Ramírez,,316701472,felipe.ramírez59@hotmail.com,1000000,empleado
765,María,Paula,Sánchez,Hernández,322347490,maría.sánchez80@gmail.com,1200000,administrador
766,Andrés,,Sánchez,García,306602966,andrés.sánchez19@hotmail.com,1000000,empleado
767,Camilo,,Hernández,,309960671,camilo.hernández97@outlook.com,1500000,administrador
768,Felipe,Daniela,Ramírez,Rodríguez,328160913,felipe.ramírez57@hotmail.com,800000,administrador
769,Sara,Sara,Martínez,,313702581,sara.martínez17@outlook.com,800000,empleado
770,Felipe,,Ramírez,,321775436,felipe.ramírez67@outlook.com,1000000,administrador
771,Felipe,Javier,Gómez,Pérez,301484508,felipe.gómez87@hotmail.com,1000000,empleado
772,Santiago,Javier,Rodríguez,,325393245,santiago.rodríguez63@outlook.com,1200000,administrador
773,Carlos,Mateo,Torres,,311821806,carlos.torres44@outlook.com,3000000,administrador
774,Camilo,María,Ramírez,,327650947,camilo.ramírez54@outlook.com,800000,empleado
775,Paula,,López,,303608552,paula.lópez29@gmail.com,2500000,administrador
776,Valentina,,Martínez,Pérez,327993665,valentina.martínez13@gmail.com,1000000,administrador
777,Daniela,,Ramírez,López,318789120,daniela.ramírez76@hotmail.com,1200000,administrador
778,Andrés,,García,,318672934,andrés.garcía8@hotmail.com,2500000,empleado
779,Camila,,López,,319259822,camila.lópez69@outlook.com,3000000,administrador
780,Andrea,Javier,Sánchez,Torres,318883053,andrea.sánchez92@hotmail.com,900000,administrador
781,Valentina,,Pérez,,305930415,valentina.pérez65@hotmail.com,1800000,administrador
782,Javier,,Gómez,,324356774,javier.gómez74@gmail.com,2500000,empleado
783,Santiago,Andrea,Ramírez,Martínez,324320171,santiago.ramírez5@hotmail.com,1500000,empleado
784,Javier,Carlos,Ramírez,,306552448,javier.ramírez92@gmail.com,3000000,empleado
785,Santiago,,García,Gómez,327694808,santiago.garcía86@gmail.com,1800000,empleado
786,María,Javier,Torres,Ramírez,318379973,maría.torres13@outlook.com,1000000,administrador
787,Andrés,Santiago,Pérez,Sánchez,317470771,andrés.pérez63@outlook.com,3000000,empleado
788,Felipe,Juan,Hernández,,314218689,felipe.hernández42@gmail.com,3000000,empleado
789,Camilo,,Torres,Sánchez,327050071,camilo.torres6@hotmail.com,2000000,administrador
790,Luis,Natalia,Ramírez,Sánchez,326334430,luis.ramírez97@outlook.com,900000,empleado
791,Natalia,,Hernández,Pérez,314441622,natalia.hernández91@outlook.com,1800000,empleado
792,Andrés,Camila,López,,324738918,andrés.lópez97@outlook.com,900000,empleado
793,Mateo,Andrés,Sánchez,Torres,303211608,mateo.sánchez13@gmail.com,1000000,administrador
794,Andrea,Mateo,Pérez,,315572457,andrea.pérez93@hotmail.com,1200000,administrador
795,Mateo,,Ramírez,Pérez,307739513,mateo.ramírez67@outlook.com,800000,empleado
796,Andrés,,Martínez,,315751101,andrés.martínez63@gmail.com,3000000,empleado
797,Javier,,Ramírez,,307616529,javier.ramírez72@outlook.com,1000000,administrador
798,Valentina,Laura,Sánchez,García,322245810,valentina.sánchez41@outlook.com,1200000,empleado
799,Sara,,Sánchez,,326494351,sara.sánchez63@gmail.com,1500000,empleado
800,Juliana,,Rodríguez,Sánchez,315791682,juliana.rodríguez6@outlook.com,1000000,administrador
801,Sara,,Gómez,,305196388,sara.gómez84@hotmail.com,1000000,administrador
802,Paula,Felipe,Pérez,Pérez,326237676,paula.pérez95@gmail.com,1500000,administrador
803,Sara,,García,Hernández,326658320,sara.garcía69@gmail.com,1200000,empleado
804,María,,Pérez,,329030473,maría.pérez48@outlook.com,1800000,administrador
805,Camila,,Ramírez,Ramírez,318696792,camila.ramírez57@hotmail.com,1500000,administrador
806,Natalia,María,García,,315169531,natalia.garcía72@hotmail.com,1500000,administrador
807,Juan,,López,Pérez,318921198,juan.lópez98@hotmail.com,900000,administrador
808,Felipe,Natalia,Hernández,Gómez,316403662,felipe.hernández26@gmail.com,3000000,administrador
809,Daniela,Daniela,Torres,Gómez,304366329,daniela.torres81@gmail.com,1500000,empleado
810,Andrés,,Rodríguez,,321517237,andrés.rodríguez39@hotmail.com,900000,empleado
811,Mateo,Luis,García,,322504765,mateo.garcía50@outlook.com,1000000,empleado
812,Andrea,Mateo,Rodríguez,García,312399925,andrea.rodríguez87@outlook.com,3000000,administrador
813,Santiago,,Rodríguez,Gómez,326417777,santiago.rodríguez36@outlook.com,1800000,administrador
814,Andrés,Diego,Torres,López,317858316,andrés.torres74@outlook.com,1200000,administrador
815,Camila,Juan,Martínez,Martínez,319164920,camila.martínez87@hotmail.com,1200000,administrador
816,Andrés,,García,Rodríguez,327203384,andrés.garcía18@outlook.com,2000000,empleado
817,Juliana,Valentina,Pérez,,305198215,juliana.pérez26@outlook.com,2000000,administrador
818,Paula,,Martínez,Pérez,316372849,paula.martínez79@outlook.com,1200000,empleado
819,Laura,,García,,313979036,laura.garcía35@gmail.com,2500000,empleado
820,Paula,Camila,Rodríguez,,309739651,paula.rodríguez68@gmail.com,900000,administrador
821,Javier,Paula,García,Gómez,303894037,javier.garcía89@hotmail.com,2500000,empleado
822,Sara,,Ramírez,Sánchez,319564132,sara.ramírez87@outlook.com,800000,administrador
823,Juan,,Pérez,,312049820,juan.pérez30@outlook.com,800000,administrador
824,Natalia,Juliana,Sánchez,Torres,321799892,natalia.sánchez79@hotmail.com,1200000,administrador
825,Felipe,,Martínez,Sánchez,304555874,felipe.martínez51@outlook.com,800000,empleado
826,Carlos,Andrea,Sánchez,Rodríguez,316449849,carlos.sánchez56@hotmail.com,2000000,empleado
827,Daniela,Natalia,Rodríguez,,311877126,daniela.rodríguez84@hotmail.com,1500000,administrador
828,Natalia,Natalia,Sánchez,Hernández,315557823,natalia.sánchez27@gmail.com,1200000,empleado
829,Felipe,Camila,Hernández,,312167240,felipe.hernández27@outlook.com,1500000,administrador
830,Natalia,Juliana,Martínez,,305850001,natalia.martínez90@outlook.com,1200000,administrador
831,Laura,,Hernández,,305605033,laura.hernández36@hotmail.com,1500000,empleado
832,Mateo,Javier,García,,303438629,mateo.garcía88@gmail.com,2500000,administrador
833,Daniela,,Pérez,Sánchez,317655895,daniela.pérez14@outlook.com,1800000,administrador
834,Luis,Javier,Gómez,,318032928,luis.gómez4@hotmail.com,2500000,administrador
835,Daniela,,Ramírez,Hernández,305587978,daniela.ramírez95@hotmail.com,3000000,empleado
836,Luis,,Torres,,306352955,luis.torres99@outlook.com,3000000,administrador
837,Laura,,Torres,,323328907,laura.torres7@gmail.com,800000,administrador
838,Javier,,Martínez,Rodríguez,307064321,javier.martínez99@outlook.com,2000000,administrador
839,Paula,,Gómez,Hernández,326076494,paula.gómez81@gmail.com,1000000,administrador
840,Andrés,,Torres,Hernández,315189374,andrés.torres85@gmail.com,1800000,administrador
841,Luis,Luis,Rodríguez,Hernández,325057352,luis.rodríguez6@hotmail.com,3000000,empleado
842,Mateo,Valentina,Hernández,,309468389,mateo.hernández34@outlook.com,2000000,administrador
843,Camila,Camilo,Hernández,,301501185,camila.hernández5@outlook.com,2000000,empleado
844,Andrea,,Hernández,Pérez,307855685,andrea.hernández93@outlook.com,1800000,empleado
845,Santiago,Valentina,López,Rodríguez,308407181,santiago.lópez4@gmail.com,2000000,administrador
846,Javier,Juan,Hernández,,307407738,javier.hernández17@gmail.com,2000000,empleado
847,Luis,,Martínez,Pérez,307755565,luis.martínez28@outlook.com,3000000,administrador
848,Andrés,,Ramírez,,318120628,andrés.ramírez37@outlook.com,2500000,administrador
849,Camila,,Pérez,,301291939,camila.pérez65@outlook.com,1200000,administrador
850,Camila,,Pérez,,321889918,camila.pérez47@hotmail.com,900000,administrador
851,Juliana,Sara,Rodríguez,,306627274,juliana.rodríguez30@hotmail.com,900000,empleado
852,Andrés,Javier,Martínez,,306590857,andrés.martínez37@gmail.com,2500000,empleado
853,Diego,Camila,Martínez,López,304304896,diego.martínez13@outlook.com,1200000,empleado
854,Laura,Juan,García,García,314419381,laura.garcía58@gmail.com,3000000,empleado
855,Camila,Juan,Pérez,Rodríguez,324662977,camila.pérez64@outlook.com,1800000,empleado
856,Camilo,,Pérez,,319368012,camilo.pérez99@hotmail.com,1800000,empleado
857,Diego,Santiago,Torres,,307682934,diego.torres42@hotmail.com,900000,empleado
858,Felipe,Paula,García,,323445327,felipe.garcía27@gmail.com,800000,administrador
859,Carlos,Santiago,López,Torres,309056595,carlos.lópez23@outlook.com,900000,empleado
860,Juliana,Luis,Sánchez,Gómez,326160693,juliana.sánchez12@gmail.com,2500000,empleado
861,Andrés,,Martínez,,312224607,andrés.martínez76@hotmail.com,3000000,empleado
862,Luis,,Pérez,Torres,325546243,luis.pérez40@hotmail.com,3000000,empleado
863,Camila,Andrés,Rodríguez,,303822396,camila.rodríguez76@gmail.com,1000000,administrador
864,Sara,Mateo,Rodríguez,,302476231,sara.rodríguez31@outlook.com,3000000,empleado
865,Camila,,Torres,,313635937,camila.torres22@hotmail.com,1000000,administrador
866,Diego,Camila,Pérez,Ramírez,324902489,diego.pérez20@gmail.com,2500000,empleado
867,Mateo,,Ramírez,,307959364,mateo.ramírez36@hotmail.com,1800000,administrador
868,Javier,Luis,García,Pérez,328054322,javier.garcía78@outlook.com,2000000,administrador
869,Luis,,Ramírez,Gómez,325966425,luis.ramírez99@gmail.com,3000000,administrador
870,Carlos,Andrés,Torres,Martínez,304539447,carlos.torres26@outlook.com,1500000,administrador
871,Javier,,Ramírez,Gómez,316741695,javier.ramírez88@gmail.com,1200000,empleado
872,Santiago,Juan,Gómez,Gómez,329266993,santiago.gómez40@outlook.com,900000,empleado
873,Carlos,,Torres,Martínez,325604514,carlos.torres92@outlook.com,1200000,empleado
874,Luis,Daniela,López,Hernández,314032411,luis.lópez70@hotmail.com,1500000,empleado
875,Javier,Andrés,Ramírez,Sánchez,308050331,javier.ramírez53@gmail.com,3000000,administrador
876,María,Andrea,López,Gómez,324522137,maría.lópez67@hotmail.com,3000000,empleado
877,Sara,,Sánchez,Pérez,314916378,sara.sánchez80@hotmail.com,1000000,empleado
878,Diego,Andrés,Pérez,,307706748,diego.pérez43@hotmail.com,1000000,administrador
879,Paula,Andrea,Gómez,,329948842,paula.gómez79@outlook.com,1000000,administrador
880,Sara,Valentina,López,Gómez,319608241,sara.lópez51@gmail.com,1000000,empleado
881,Natalia,,Sánchez,Pérez,324628748,natalia.sánchez74@hotmail.com,1000000,administrador
882,Camilo,,Martínez,,303335977,camilo.martínez84@gmail.com,900000,empleado
883,Luis,,Ramírez,,329073815,luis.ramírez77@hotmail.com,800000,administrador
884,Mateo,,Sánchez,,319327208,mateo.sánchez76@gmail.com,2000000,administrador
885,Paula,,Ramírez,,329625312,paula.ramírez48@hotmail.com,1000000,administrador
886,María,Camila,Rodríguez,,314759843,maría.rodríguez88@gmail.com,1800000,administrador
887,Andrea,,López,Rodríguez,324412263,andrea.lópez68@gmail.com,1500000,administrador
888,Camila,Andrea,Sánchez,López,322186377,camila.sánchez54@gmail.com,1800000,empleado
889,Paula,,López,García,308912453,paula.lópez38@gmail.com,2500000,empleado
890,Laura,,Ramírez,,319170770,laura.ramírez68@gmail.com,1500000,empleado
891,Santiago,Paula,Gómez,García,329786758,santiago.gómez23@outlook.com,800000,empleado
892,Valentina,,Martínez,,324552656,valentina.martínez60@hotmail.com,900000,administrador
893,Camila,,Sánchez,,301854673,camila.sánchez53@outlook.com,900000,empleado
894,Andrea,Andrea,Gómez,,329721894,andrea.gómez78@hotmail.com,1500000,empleado
895,Carlos,Sara,Pérez,,306467204,carlos.pérez52@gmail.com,1000000,empleado
896,Juliana,,Gómez,,311436410,juliana.gómez96@hotmail.com,1000000,administrador
897,Luis,,García,,307489762,luis.garcía16@outlook.com,900000,administrador
898,Juan,,Gómez,,304312171,juan.gómez40@gmail.com,1000000,empleado
899,Carlos,Daniela,Sánchez,,312043060,carlos.sánchez65@hotmail.com,2000000,empleado
900,Santiago,Diego,Ramírez,,321417700,santiago.ramírez88@gmail.com,900000,empleado
901,Laura,Paula,García,Sánchez,308943193,laura.garcía56@outlook.com,2500000,administrador
902,Carlos,Juliana,Sánchez,Pérez,308160432,carlos.sánchez39@hotmail.com,900000,empleado
903,María,,García,,316552093,maría.garcía40@outlook.com,1000000,empleado
904,Camila,,Torres,,313118585,camila.torres9@gmail.com,2000000,administrador
905,María,,Pérez,,319491319,maría.pérez89@gmail.com,1200000,empleado
906,Diego,María,López,Ramírez,329464893,diego.lópez37@outlook.com,1500000,administrador
907,Luis,Camila,Martínez,,304765207,luis.martínez53@gmail.com,900000,administrador
908,Diego,,Ramírez,García,311988943,diego.ramírez96@gmail.com,2500000,administrador
909,Juan,,Ramírez,,307786332,juan.ramírez18@outlook.com,3000000,empleado
910,Natalia,Diego,García,Martínez,324398579,natalia.garcía55@gmail.com,2500000,empleado
911,Natalia,,García,,317375322,natalia.garcía43@outlook.com,800000,administrador
912,Natalia,,García,García,306591800,natalia.garcía30@outlook.com,1000000,administrador
913,Laura,Natalia,Pérez,,322667352,laura.pérez8@hotmail.com,1500000,empleado
914,Andrea,,Gómez,,319969548,andrea.gómez91@gmail.com,900000,administrador
915,Natalia,,Rodríguez,,315170056,natalia.rodríguez38@gmail.com,800000,administrador
916,Valentina,,Sánchez,,324090307,valentina.sánchez84@gmail.com,1800000,administrador
917,Carlos,,García,Rodríguez,319346351,carlos.garcía23@hotmail.com,1500000,empleado
918,Andrea,,Rodríguez,,312776241,andrea.rodríguez54@hotmail.com,800000,empleado
919,Javier,,García,,325772140,javier.garcía93@hotmail.com,900000,administrador
920,María,María,Sánchez,Pérez,326971684,maría.sánchez30@hotmail.com,3000000,empleado
921,Mateo,Javier,Sánchez,Ramírez,311700306,mateo.sánchez58@hotmail.com,1800000,empleado
922,María,,Ramírez,,326115360,maría.ramírez44@gmail.com,2500000,administrador
923,Juliana,Natalia,López,,317969535,juliana.lópez2@gmail.com,2500000,empleado
924,Daniela,Sara,Pérez,García,311903712,daniela.pérez79@hotmail.com,2500000,administrador
925,Andrea,,Sánchez,,309527322,andrea.sánchez17@gmail.com,1000000,empleado
926,Camilo,,Rodríguez,,328296002,camilo.rodríguez71@gmail.com,900000,administrador
927,Camila,Andrés,Torres,García,322756904,camila.torres69@outlook.com,3000000,administrador
928,Javier,Natalia,Gómez,,321466198,javier.gómez29@gmail.com,3000000,empleado
929,Juliana,Camilo,Martínez,,304968682,juliana.martínez14@outlook.com,800000,administrador
930,Natalia,,García,,317175944,natalia.garcía91@gmail.com,1200000,administrador
931,Sara,Laura,Torres,López,319460624,sara.torres96@outlook.com,1500000,administrador
932,Camila,Paula,Martínez,,323023720,camila.martínez21@outlook.com,1200000,administrador
933,Diego,Javier,Torres,,311001177,diego.torres47@outlook.com,2000000,administrador
934,María,,Rodríguez,,314754435,maría.rodríguez99@hotmail.com,1000000,empleado
935,Santiago,Santiago,Sánchez,Rodríguez,328633405,santiago.sánchez49@gmail.com,3000000,empleado
936,Diego,Daniela,García,Ramírez,325505666,diego.garcía92@outlook.com,2000000,administrador
937,Daniela,Laura,Pérez,Hernández,313193092,daniela.pérez86@gmail.com,1000000,empleado
938,Javier,Valentina,Ramírez,Ramírez,307280397,javier.ramírez8@outlook.com,3000000,administrador
939,Juan,,García,,322608229,juan.garcía57@hotmail.com,1200000,empleado
940,Valentina,,Torres,Martínez,318455301,valentina.torres78@gmail.com,800000,administrador
941,Valentina,,Torres,Rodríguez,323785359,valentina.torres80@outlook.com,1500000,empleado
942,Santiago,,García,López,321127093,santiago.garcía75@outlook.com,1800000,administrador
943,Natalia,Daniela,Torres,,301200880,natalia.torres75@outlook.com,900000,administrador
944,Camilo,Santiago,Rodríguez,Martínez,328026526,camilo.rodríguez31@outlook.com,3000000,administrador
945,Felipe,Mateo,Martínez,López,326040170,felipe.martínez91@hotmail.com,1800000,administrador
946,Laura,,Pérez,López,306720828,laura.pérez80@hotmail.com,1500000,empleado
947,Laura,,García,,321325719,laura.garcía71@gmail.com,2500000,administrador
948,Luis,,Sánchez,Gómez,329793108,luis.sánchez95@outlook.com,1000000,administrador
949,Javier,Daniela,García,Rodríguez,305278575,javier.garcía18@outlook.com,1500000,administrador
950,Santiago,,Hernández,Ramírez,318577826,santiago.hernández57@gmail.com,2000000,empleado
951,Andrea,,Gómez,,327963642,andrea.gómez40@hotmail.com,800000,administrador
952,Paula,,Martínez,Sánchez,316141823,paula.martínez90@outlook.com,800000,empleado
953,Daniela,Juan,Martínez,Pérez,303399240,daniela.martínez2@hotmail.com,1500000,administrador
954,Diego,Natalia,Gómez,,317018837,diego.gómez12@hotmail.com,1000000,empleado
955,Juliana,Felipe,Pérez,,322044700,juliana.pérez73@outlook.com,800000,administrador
956,Camila,Sara,Gómez,Hernández,302598345,camila.gómez2@hotmail.com,2500000,administrador
957,Natalia,Camila,Hernández,Martínez,304194330,natalia.hernández5@outlook.com,1000000,empleado
958,Andrés,Camilo,Ramírez,Torres,302277748,andrés.ramírez94@outlook.com,1800000,empleado
959,Santiago,Carlos,Ramírez,,313861357,santiago.ramírez35@hotmail.com,900000,empleado
960,Santiago,Camila,Martínez,López,312719309,santiago.martínez29@gmail.com,900000,administrador
961,Paula,,Gómez,,306096212,paula.gómez1@hotmail.com,1200000,administrador
962,Laura,Juan,López,,309167825,laura.lópez71@outlook.com,900000,empleado
963,Daniela,,García,Gómez,327507598,daniela.garcía58@outlook.com,900000,empleado
964,Juliana,,Hernández,Gómez,315734893,juliana.hernández91@gmail.com,1000000,administrador
965,Juliana,Felipe,Pérez,Gómez,319608039,juliana.pérez8@gmail.com,1800000,empleado
966,Valentina,,Gómez,Rodríguez,312177523,valentina.gómez25@outlook.com,900000,empleado
967,Andrea,,Hernández,,319059911,andrea.hernández29@outlook.com,800000,empleado
968,Juan,,Sánchez,López,324515897,juan.sánchez85@outlook.com,900000,empleado
969,Andrea,,Hernández,,311932618,andrea.hernández74@outlook.com,900000,administrador
970,Camila,Valentina,Rodríguez,Torres,328698727,camila.rodríguez35@outlook.com,2000000,administrador
971,Paula,Camila,Gómez,Martínez,306570508,paula.gómez93@outlook.com,1500000,administrador
972,Valentina,Laura,Rodríguez,Hernández,308885064,valentina.rodríguez2@hotmail.com,2000000,empleado
973,Santiago,,Rodríguez,,322099885,santiago.rodríguez58@hotmail.com,2000000,administrador
974,Laura,Javier,García,,316958390,laura.garcía69@gmail.com,1800000,empleado
975,Felipe,,Rodríguez,,314451409,felipe.rodríguez54@hotmail.com,2500000,empleado
976,Luis,Natalia,Ramírez,Hernández,313838753,luis.ramírez79@gmail.com,2500000,empleado
977,Paula,,Hernández,,322509587,paula.hernández59@hotmail.com,2500000,administrador
978,Natalia,,Gómez,,309318989,natalia.gómez72@hotmail.com,1500000,empleado
979,Laura,Natalia,Ramírez,Hernández,325180688,laura.ramírez80@gmail.com,1500000,empleado
980,Juliana,Camila,Hernández,Sánchez,325464211,juliana.hernández64@gmail.com,1800000,administrador
981,Felipe,Carlos,Sánchez,Torres,329948072,felipe.sánchez83@hotmail.com,1200000,administrador
982,Paula,Juan,Martínez,López,318696274,paula.martínez55@outlook.com,900000,empleado
983,Andrés,,Rodríguez,,314915460,andrés.rodríguez11@gmail.com,1200000,administrador
984,María,,Hernández,,304281417,maría.hernández88@outlook.com,900000,empleado
985,Natalia,Carlos,Ramírez,Pérez,316388695,natalia.ramírez90@outlook.com,1200000,administrador
986,Camila,Santiago,Torres,,327208161,camila.torres66@outlook.com,800000,empleado
987,Camila,,García,López,312594643,camila.garcía3@gmail.com,2000000,administrador
988,Luis,Andrea,Hernández,,321457894,luis.hernández61@hotmail.com,1500000,empleado
989,Andrés,,Hernández,,314941469,andrés.hernández25@outlook.com,1000000,administrador
990,Santiago,Natalia,Pérez,,316689221,santiago.pérez1@outlook.com,2000000,empleado
991,Javier,,Rodríguez,,319683897,javier.rodríguez88@hotmail.com,1500000,administrador
992,Luis,Daniela,López,Torres,307005902,luis.lópez62@hotmail.com,1000000,administrador
993,Sara,Daniela,Sánchez,Ramírez,325915648,sara.sánchez67@outlook.com,800000,empleado
994,Paula,María,Ramírez,,301444422,paula.ramírez10@outlook.com,1500000,empleado
995,Camila,,Sánchez,,312362192,camila.sánchez28@hotmail.com,800000,administrador
996,Laura,María,García,,301320177,laura.garcía22@hotmail.com,2500000,empleado
997,Javier,,García,Martínez,306782678,javier.garcía52@hotmail.com,1000000,empleado
998,Juan,,Pérez,,308863613,juan.pérez27@hotmail.com,800000,administrador
999,Valentina,,Hernández,Rodríguez,303683671,valentina.hernández92@outlook.com,3000000,administrador
1000,Juliana,,Gómez,,327169072,juliana.gómez20@outlook.com,900000,administrador
